Model_Name,Location,Car_Age,Mileage,Engine,Horsepower,Price,Price_per_HP
Land Rover Range Rover 3.0 Diesel LWB Vogue,Hyderabad,8,13.33,2993.0,255.0,160.0,0.6274509803921569
Land Rover Range Rover Sport SE,Kochi,6,12.65,2993.0,255.0,97.07,0.38066666666666665
Land Rover Discovery Sport TD4 HSE 7S,Coimbatore,6,12.81,1999.0,148.31,56.14,0.3785314543860832
Land Rover Discovery Sport TD4 HSE,Coimbatore,6,12.63,2179.0,147.5,55.7,0.37762711864406784
Land Rover Range Rover Evoque 2.0 TD4 HSE Dynamic,Kochi,7,15.68,1999.0,177.0,59.72,0.3374011299435028
BMW X3 xDrive 20d Luxury Line,Mumbai,7,18.56,1995.0,190.0,61.25,0.3223684210526316
Jaguar XJ 2.0L Portfolio,Mumbai,8,9.43,1999.0,237.4,75.0,0.3159224936815501
Land Rover Discovery Sport SD4 HSE Luxury 7S,Coimbatore,6,12.51,2179.0,187.7,58.91,0.31385189131592967
Mercedes-Benz GLS 350d Grand Edition,Delhi,7,11.0,2987.0,258.0,79.0,0.3062015503875969
Mercedes-Benz E-Class E 350 d,Coimbatore,6,18.0,2987.0,258.0,78.8,0.3054263565891473
Mercedes-Benz GLC 220d 4MATIC Style,Coimbatore,6,17.9,2143.0,170.0,50.97,0.2998235294117647
Mini Cooper 5 DOOR D,Hyderabad,8,20.7,1496.0,113.98,34.0,0.2982979470082471
Audi Q7 45 TDI Quattro Premium Plus,Kochi,6,14.75,2967.0,245.0,72.94,0.2977142857142857
Land Rover Range Rover 2.2L Dynamic,Coimbatore,7,12.7,2179.0,187.7,55.76,0.29706979222163027
Jaguar XF 2.0 Diesel Portfolio,Hyderabad,8,19.33,1999.0,177.0,52.0,0.2937853107344633
BMW 7 Series 740Li,Coimbatore,7,12.05,2979.0,320.0,93.67,0.29271875
Audi Q7 3.0 TDI Quattro Technology,Kochi,7,12.07,2967.0,241.4,70.36,0.29146644573322283
Mercedes-Benz E-Class E 220 d,Mumbai,7,16.1,1950.0,194.0,56.5,0.2912371134020619
BMW 7 Series 740Li,Bangalore,8,12.05,2979.0,320.0,93.0,0.290625
Land Rover Range Rover 2.2L Prestige,Coimbatore,8,12.7,2179.0,187.7,53.83,0.28678742674480556
Mercedes-Benz GLC 220d 4MATIC Style,Mumbai,7,17.9,2143.0,170.0,48.5,0.2852941176470588
Mercedes-Benz GLE 250d,Hyderabad,8,17.9,2143.0,201.15,57.0,0.2833706189410887
Mercedes-Benz GLE 250d,Kochi,8,17.9,2143.0,201.15,56.73,0.28202833706189406
Land Rover Discovery Sport TD4 HSE 7S,Mumbai,8,12.81,1999.0,148.31,41.5,0.2798192974175713
Jaguar XF 2.2 Litre Luxury,Mumbai,7,16.36,2179.0,187.7,52.5,0.27970165157165694
Mercedes-Benz GLE 350d,Coimbatore,7,11.57,2987.0,254.79,70.8,0.2778758977981867
Audi Q7 45 TDI Quattro Technology,Pune,8,14.75,2967.0,245.0,68.0,0.27755102040816326
Mini Cooper 5 DOOR D,Kochi,6,20.7,1496.0,113.98,31.55,0.27680294788559395
Mercedes-Benz GLC 220d 4MATIC Style,Mumbai,8,17.9,2143.0,170.0,46.95,0.2761764705882353
BMW X5 X5 M,Chennai,8,15.97,2993.0,258.0,70.0,0.2713178294573643
Mercedes-Benz CLA 200 D Sport Edition,Coimbatore,6,17.9,2143.0,136.0,36.76,0.2702941176470588
Mercedes-Benz E-Class E 220 d,Kochi,7,12.6,1950.0,191.34,51.43,0.26878854395317237
Mercedes-Benz E-Class E 220 d,Kochi,7,12.6,1950.0,191.34,51.35,0.2683704400543535
Mercedes-Benz E-Class 2015-2017 E350 CDI Avantgrade,Kochi,7,13.0,2987.0,265.0,70.15,0.2647169811320755
Mercedes-Benz GLC 220d 4MATIC Sport,Mumbai,8,17.9,2143.0,170.0,45.0,0.2647058823529412
Mercedes-Benz E-Class 2015-2017 E350 CDI Avantgrade,Mumbai,8,13.0,2987.0,265.0,69.5,0.2622641509433962
Audi Q7 45 TDI Quattro Technology,Coimbatore,8,14.75,2967.0,245.0,62.67,0.25579591836734694
Mercedes-Benz GLE 350d,Mumbai,8,11.57,2987.0,254.79,64.95,0.2549158130224891
Mercedes-Benz GLC 220,Coimbatore,8,17.9,2143.0,170.0,43.3,0.25470588235294117
Mercedes-Benz GLE 350d,Coimbatore,8,11.57,2987.0,254.79,64.87,0.2546018289571805
BMW X5 xDrive 30d M Sport,Chennai,8,15.97,2993.0,258.0,65.0,0.25193798449612403
Audi Q5 30 TDI quattro Premium,Coimbatore,8,14.16,1968.0,174.3,43.74,0.25094664371772807
Mercedes-Benz GLA Class 200 CDI SPORT,Bangalore,8,17.9,2143.0,136.0,34.0,0.25
BMW 5 Series 520d Sport Line,Kochi,6,22.48,1995.0,187.74,45.86,0.2442739959518483
Land Rover Range Rover HSE Dynamic,Coimbatore,8,12.7,2179.0,187.7,45.64,0.24315396909962708
BMW 5 Series 2013-2017 520d M Sport,Pune,7,18.12,1995.0,190.0,46.0,0.24210526315789474
Mercedes-Benz GLC 220d Celebration Edition,Kochi,8,17.9,2143.0,168.0,40.47,0.24089285714285713
Mercedes-Benz GLE 350d,Coimbatore,8,11.57,2987.0,254.79,61.29,0.24055104203461675
Land Rover Range Rover HSE Dynamic,Kochi,7,12.7,2179.0,187.7,44.83,0.23883857218966437
Land Rover Range Rover HSE Dynamic,Kochi,7,12.7,2179.0,187.7,44.76,0.23846563665423548
Land Rover Discovery Sport TD4 S,Delhi,8,12.83,2179.0,147.5,35.0,0.23728813559322035
Mercedes-Benz New C-Class C 220d Avantgarde Edition C,Coimbatore,7,19.27,2143.0,167.62,39.62,0.23636797518195918
Mercedes-Benz New C-Class C 220d Avantgarde Edition C,Coimbatore,7,19.27,2143.0,167.62,39.51,0.23571172891063116
Mercedes-Benz New C-Class C 220d Avantgarde Edition C,Coimbatore,7,19.27,2143.0,167.62,39.47,0.23547309390287555
Mercedes-Benz New C-Class C 220d Avantgarde Edition C,Coimbatore,7,19.27,2143.0,167.62,39.45,0.23535377639899774
Mercedes-Benz New C-Class C 220d Avantgarde Edition C,Coimbatore,7,19.27,2143.0,167.62,39.41,0.23511514139124207
Land Rover Range Rover HSE Dynamic,Delhi,8,12.7,2179.0,187.7,44.0,0.23441662226957913
Mercedes-Benz GLE 350d,Coimbatore,7,11.57,2987.0,254.79,59.65,0.2341143686957887
Mercedes-Benz New C-Class C 220d Avantgarde Edition C,Coimbatore,7,19.27,2143.0,167.62,39.22,0.2339816251044028
Mercedes-Benz New C-Class C 220d Avantgarde Edition C,Coimbatore,7,19.27,2143.0,167.62,39.05,0.23296742632144132
Mercedes-Benz GLE 350d,Coimbatore,7,11.57,2987.0,254.79,59.29,0.2327014404018996
Mercedes-Benz SLC 43 AMG,Coimbatore,6,19.0,2996.0,362.07,83.96,0.23188886126992017
Mercedes-Benz New C-Class C 220d Avantgarde Edition C,Bangalore,8,19.27,2143.0,167.62,38.5,0.22968619496480133
Audi A4 35 TDI Technology,Hyderabad,8,18.25,1968.0,187.74,43.0,0.22904016192606796
BMW 5 Series 520d Sport Line,Delhi,8,22.48,1995.0,187.74,42.75,0.2277085330776606
Audi A6 2011-2015 35 TDI Premium,Coimbatore,7,17.68,1968.0,174.33,39.58,0.2270406699936901
Mercedes-Benz CLA 200 CDI Sport,Kochi,6,17.9,2143.0,136.0,30.77,0.22625
Jaguar XE 2.0L Diesel Prestige,Delhi,7,13.6,1999.0,177.0,40.0,0.22598870056497175
Mercedes-Benz New C-Class C 220 CDI Style,Hyderabad,8,19.27,2143.0,167.62,37.5,0.2237203197709104
Mercedes-Benz New C-Class C220 CDI Executive Edition,Kochi,6,15.8,2148.0,170.0,37.99,0.22347058823529414
Mercedes-Benz CLA 200 CDI Sport,Kochi,6,17.9,2143.0,136.0,30.3,0.22279411764705884
Mercedes-Benz S Class 2005 2013 S 350 CDI,Coimbatore,8,13.5,2987.0,282.0,62.81,0.22273049645390072
Audi Q3 30 TDI Premium FWD,Coimbatore,7,18.51,1968.0,147.51,32.73,0.22188326215171852
Audi A6 35 TFSI Matrix,Delhi,7,15.26,1798.0,187.74,41.5,0.22105038883562372
BMW 6 Series Gran Coupe,Kochi,7,17.54,2993.0,313.0,68.94,0.22025559105431308
Mini Cooper S Carbon Edition,Kolkata,7,13.6,1598.0,181.0,39.75,0.21961325966850828
Mercedes-Benz GLS 350d 4MATIC,Pune,8,11.0,2987.0,258.0,56.0,0.21705426356589147
Audi A6 2011-2015 35 TDI Technology,Coimbatore,8,17.68,1968.0,174.33,37.56,0.2154534503527792
Mercedes-Benz New C-Class Progressive C 200,Kochi,6,0.0,1950.0,181.43,38.99,0.21490381965496336
Mercedes-Benz New C-Class C 220 CDI Style,Hyderabad,8,19.27,2143.0,167.62,36.0,0.21477150698007397
Jaguar XE 2.0L Diesel Prestige,Hyderabad,8,13.6,1999.0,177.0,38.0,0.21468926553672316
BMW X5 xDrive 30d M Sport,Chennai,8,15.97,2993.0,258.0,55.0,0.2131782945736434
BMW 5 Series 2013-2017 520d Luxury Line,Jaipur,8,18.12,1995.0,190.0,40.5,0.2131578947368421
Mercedes-Benz GLA Class 200 d Sport,Mumbai,7,17.9,2143.0,136.0,28.9,0.2125
Audi A6 35 TDI Matrix,Coimbatore,8,18.53,1968.0,187.74,39.84,0.2122083732821988
Ford Endeavour 2.2 Titanium AT 4X2,Chennai,6,12.62,2198.0,158.0,32.9,0.20822784810126582
Mercedes-Benz CLA 200 CDI Sport,Coimbatore,8,17.9,2143.0,136.0,28.25,0.20772058823529413
Audi A6 2011-2015 35 TDI Technology,Coimbatore,8,17.68,1968.0,174.33,35.92,0.2060460047037228
Mini Countryman Cooper D,Jaipur,8,16.6,1998.0,112.0,23.0,0.20535714285714285
Toyota Fortuner 2.8 2WD MT,Coimbatore,6,14.24,2755.0,174.5,35.82,0.20527220630372492
Mercedes-Benz CLA 200 CDI Sport,Coimbatore,8,17.9,2143.0,136.0,27.87,0.2049264705882353
Mercedes-Benz New C-Class C 220 CDI Elegance AT,Coimbatore,8,14.84,2143.0,170.0,34.78,0.20458823529411765
Mercedes-Benz C-Class Progressive C 220d,Mumbai,7,0.0,1950.0,194.0,39.5,0.2036082474226804
Toyota Camry 2.5 Hybrid,Pune,7,19.16,2494.0,157.7,32.0,0.20291693088142043
Ford Endeavour 2.2 Titanium AT 4X2,Hyderabad,7,12.62,2198.0,158.0,31.99,0.20246835443037975
Toyota Camry Hybrid,Pune,7,19.16,2494.0,158.2,32.0,0.20227560050568902
Mercedes-Benz CLA 200 CDI Style,Coimbatore,8,17.9,2143.0,136.0,27.43,0.20169117647058823
Mercedes-Benz New C-Class C 220 CDI Style,Coimbatore,8,19.27,2143.0,167.62,33.66,0.20081135902636915
BMW 3 Series Luxury Line,Kochi,7,21.76,1995.0,190.0,37.92,0.19957894736842105
Mercedes-Benz CLA 200 CDI Sport,Jaipur,8,17.9,2143.0,136.0,27.0,0.19852941176470587
Mercedes-Benz New C-Class C 220 CDI Avantgarde,Coimbatore,8,19.27,2143.0,170.0,33.64,0.19788235294117648
Ford Endeavour 2.2 Trend AT 4X2,Kochi,6,12.62,2198.0,158.0,31.15,0.1971518987341772
BMW 5 Series 520d Luxury Line,Kochi,7,22.48,1995.0,190.0,37.3,0.1963157894736842
Mercedes-Benz E-Class Facelift,Coimbatore,7,13.0,2987.0,258.0,50.29,0.19492248062015505
Mercedes-Benz B Class B200 CDI,Coimbatore,8,15.0,2143.0,107.3,20.87,0.19450139794967383
Mercedes-Benz GLC 43 AMG Coupe,Coimbatore,7,11.5,2996.0,367.0,70.99,0.193433242506812
BMW X1 sDrive 20d xLine,Coimbatore,6,20.68,1995.0,190.0,36.64,0.1928421052631579
Mercedes-Benz New C-Class C 250 CDI Avantgarde,Mumbai,8,19.71,2143.0,201.15,38.5,0.19139945314441958
BMW Z4 2009-2013 Roadster 2.5i,Kochi,7,10.37,2979.0,306.0,58.54,0.19130718954248366
Toyota Fortuner 4x4 MT,Hyderabad,7,12.55,2982.0,168.5,32.1,0.1905044510385757
Mini Cooper Convertible S,Kochi,8,16.82,1998.0,189.08,35.98,0.19028982441294687
Toyota Fortuner 4x4 AT,Delhi,8,12.55,2982.0,168.5,32.0,0.18991097922848665
Toyota Fortuner 2.8 2WD AT,Kochi,6,12.9,2755.0,174.5,33.13,0.1898567335243553
Mercedes-Benz CLA 200 CDI Sport,Kochi,6,17.9,2143.0,136.0,25.75,0.18933823529411764
Toyota Corolla Altis D-4D GL,Mumbai,8,21.43,1364.0,87.2,16.5,0.18922018348623854
Mercedes-Benz B Class B200 CDI,Coimbatore,8,15.0,2143.0,107.3,20.28,0.18900279589934763
Audi Q5 3.0 TDI Quattro,Coimbatore,7,13.22,2967.0,241.4,45.62,0.18898094449047223
Audi A4 35 TDI Technology Edition,Kochi,6,17.11,1968.0,174.33,32.91,0.18877990018929613
Mini Cooper Convertible S,Kochi,8,16.82,1998.0,189.08,35.67,0.18865030674846625
BMW 3 Series Luxury Line,Coimbatore,8,21.76,1995.0,190.0,35.84,0.18863157894736843
Audi Q5 3.0 TDI Quattro Technology,Coimbatore,7,13.22,2967.0,241.4,45.52,0.18856669428334716
Mercedes-Benz New C-Class C 250 CDI Avantgarde,Coimbatore,8,19.71,2143.0,201.15,37.93,0.1885657469550087
BMW 5 Series 2013-2017 530d M Sport,Coimbatore,8,14.69,2993.0,258.0,48.63,0.18848837209302327
Toyota Fortuner 4x4 AT,Kochi,7,12.55,2982.0,168.5,31.62,0.18765578635014837
Mercedes-Benz E-Class 2015-2017 E250 Edition E,Coimbatore,8,15.0,2143.0,204.0,38.15,0.18700980392156863
Mercedes-Benz E-Class 2015-2017 E250 Edition E,Coimbatore,7,15.0,2143.0,204.0,37.98,0.18617647058823528
BMW 3 Series Luxury Line,Bangalore,8,21.76,1995.0,190.0,35.0,0.18421052631578946
Mercedes-Benz C-Class Progressive C 220d,Coimbatore,6,0.0,1950.0,194.0,35.67,0.1838659793814433
Mercedes-Benz GLA Class 200 CDI SPORT,Pune,8,17.9,2143.0,136.0,25.0,0.18382352941176472
Audi Q3 35 TDI Quattro Premium Plus,Coimbatore,8,15.73,1968.0,174.33,31.93,0.18315837778925026
Audi Q3 30 TDI Premium FWD,Mumbai,8,18.51,1968.0,147.51,27.0,0.18303843807199513
Mini Clubman Cooper S,Pune,8,13.8,1998.0,192.0,35.0,0.18229166666666666
Mercedes-Benz E-Class 2015-2017 E250 Edition E,Bangalore,8,15.0,2143.0,204.0,37.0,0.18137254901960784
Mercedes-Benz C-Class Progressive C 220d,Ahmedabad,6,0.0,1950.0,194.0,35.0,0.18041237113402062
Ford Endeavour 3.2 Titanium AT 4X4,Chennai,6,10.91,3198.0,197.0,35.5,0.1802030456852792
BMW 3 Series 320d GT Luxury Line,Mumbai,8,19.59,1995.0,187.74,33.75,0.1797698945349952
Mercedes-Benz New C-Class 220 CDI AT,Coimbatore,8,14.84,2143.0,170.0,30.5,0.17941176470588235
Toyota Fortuner 2.8 2WD AT,Pune,8,12.9,2755.0,174.5,31.0,0.17765042979942694
BMW X3 xDrive30d M Sport,Coimbatore,8,16.55,2993.0,258.0,45.77,0.1774031007751938
BMW 3 Series 320d M Sport,Kochi,8,22.69,1995.0,190.0,33.66,0.1771578947368421
Toyota Fortuner 2.8 2WD AT,Coimbatore,6,12.9,2755.0,174.5,30.85,0.17679083094555875
Volkswagen Tiguan 2.0 TDI Highline,Jaipur,8,17.06,1968.0,141.0,24.9,0.17659574468085104
Mercedes-Benz E-Class 2015-2017 E250 CDI Avantgarde,Chennai,8,13.0,2143.0,204.0,36.0,0.17647058823529413
Ford Endeavour Titanium 4X2,Coimbatore,6,12.62,2198.0,158.0,27.36,0.17316455696202532
Mercedes-Benz GLA Class 200 d Sport,Pune,8,17.9,2143.0,136.0,23.5,0.17279411764705882
BMW X3 xDrive20d xLine,Kochi,8,18.56,1995.0,190.0,32.78,0.1725263157894737
Toyota Fortuner 2.8 2WD AT,Delhi,8,12.9,2755.0,174.5,30.0,0.17191977077363896
Toyota Fortuner 2.8 2WD AT,Ahmedabad,8,12.9,2755.0,174.5,30.0,0.17191977077363896
BMW X3 xDrive20d xLine,Kochi,8,18.56,1995.0,190.0,32.64,0.17178947368421052
BMW X3 xDrive 20d xLine,Kochi,8,18.56,1995.0,190.0,32.57,0.17142105263157895
Ford Endeavour 3.2 Titanium AT 4X4,Delhi,7,10.91,3198.0,197.0,33.5,0.1700507614213198
Toyota Fortuner 4x4 MT,Coimbatore,8,12.55,2982.0,168.5,28.42,0.1686646884272997
Ford Endeavour 3.2 Titanium AT 4X4,Hyderabad,7,10.91,3198.0,197.0,33.0,0.16751269035532995
Toyota Fortuner 2.8 2WD MT,Coimbatore,8,14.24,2755.0,174.5,28.85,0.16532951289398282
Ford Endeavour 3.2 Trend AT 4X4,Kochi,7,10.91,3198.0,197.2,32.44,0.16450304259634888
Land Rover Discovery HSE Luxury 3.0 TD6,Mumbai,8,18.0,2993.0,255.0,41.6,0.1631372549019608
Mitsubishi Pajero Sport 4X2 AT DualTone BlackTop,Hyderabad,7,13.5,2477.0,175.56,28.0,0.1594896331738437
BMW X1 M Sport sDrive 20d,Kochi,8,17.05,1995.0,190.0,30.29,0.15942105263157894
Mercedes-Benz E-Class 2015-2017 E250 CDI Avantgarde,Kochi,8,13.0,2143.0,204.0,32.25,0.15808823529411764
Ford Endeavour 3.2 Trend AT 4X4,Coimbatore,8,10.91,3198.0,197.2,31.12,0.15780933062880326
Ford Endeavour 3.2 Titanium AT 4X4,Chennai,8,10.91,3198.0,197.0,31.0,0.15736040609137056
Audi A3 35 TDI Technology,Delhi,8,20.38,1968.0,143.0,22.5,0.15734265734265734
Mercedes-Benz E-Class 2015-2017 E250 Edition E,Kochi,8,15.0,2143.0,204.0,31.94,0.1565686274509804
BMW X1 sDrive 20d xLine,Coimbatore,8,20.68,1995.0,190.0,29.4,0.15473684210526314
Ford Endeavour 3.2 Titanium AT 4X4,Delhi,8,10.91,3198.0,197.0,30.48,0.1547208121827411
BMW 3 Series 320d Luxury Line,Kochi,8,18.88,1995.0,184.0,28.45,0.1546195652173913
Mitsubishi Pajero Sport 4X4 AT,Coimbatore,6,13.5,2477.0,175.56,27.11,0.1544201412622465
BMW X1 xDrive 20d xLine,Kochi,7,20.68,1995.0,190.0,29.3,0.15421052631578946
Ford Endeavour 3.2 Titanium AT 4X4,Coimbatore,8,10.91,3198.0,197.0,30.35,0.15406091370558375
Skoda Superb L&K 1.8 TSI AT,Kochi,6,14.67,1798.0,177.46,27.3,0.1538374845035501
Ford Endeavour 3.2 Trend AT 4X4,Coimbatore,7,10.91,3198.0,197.2,30.27,0.15349898580121704
BMW X1 xDrive 20d M Sport,Kolkata,8,20.68,1995.0,190.0,29.0,0.15263157894736842
Toyota Innova Crysta 2.4 VX MT 8S,Coimbatore,6,13.68,2393.0,147.8,22.55,0.15257104194857915
Audi Q5 3.0 TDI Quattro Technology,Coimbatore,8,13.22,2967.0,241.4,36.83,0.15256835128417562
BMW 3 Series 320d Sport Line,Pune,7,18.88,1995.0,184.0,28.0,0.15217391304347827
BMW X1 xDrive 20d xLine,Delhi,8,20.68,1995.0,190.0,28.75,0.1513157894736842
Ford Endeavour 2.2 Trend MT 4X4,Kochi,8,13.5,2198.0,157.7,23.86,0.1512999365884591
Mitsubishi Pajero Sport 4X4 AT,Bangalore,7,13.5,2477.0,175.56,26.5,0.1509455456823878
Toyota Innova Crysta 2.4 VX MT,Coimbatore,6,13.68,2393.0,147.8,22.2,0.15020297699594046
Mercedes-Benz SLC 43 AMG,Kolkata,8,19.0,2996.0,362.07,54.0,0.14914243102162567
Toyota Fortuner 4x4 AT,Coimbatore,8,12.55,2982.0,168.5,25.12,0.14908011869436202
Toyota Camry Hybrid 2.5,Coimbatore,8,19.16,2487.0,175.67,26.11,0.14863095576934024
Mercedes-Benz CLA 200 Sport Edition,Kochi,8,15.04,1991.0,183.0,27.15,0.1483606557377049
Ford Endeavour 3.2 Titanium AT 4X4,Coimbatore,8,10.91,3198.0,197.0,29.2,0.1482233502538071
Skoda Superb L&K 2.0 TDI AT,Mumbai,8,18.19,1968.0,174.5,25.75,0.14756446991404013
Audi Q3 35 TDI Quattro Premium,Kochi,8,15.73,1968.0,174.33,25.71,0.14747891929099982
Audi A4 30 TFSI Premium Plus,Kochi,8,17.84,1395.0,147.51,21.73,0.14731204664090572
Ford Endeavour 3.2 Titanium AT 4X4,Coimbatore,8,10.91,3198.0,197.0,28.88,0.1465989847715736
Skoda Superb Style 1.8 TSI AT,Hyderabad,8,14.67,1798.0,177.46,26.0,0.14651189000338102
Mercedes-Benz GLA Class 200 Sport,Kochi,7,13.7,1991.0,183.0,26.76,0.14622950819672131
Toyota Innova Crysta 2.4 VX MT 8S,Coimbatore,6,13.68,2393.0,147.8,21.42,0.14492557510148849
Toyota Corolla Altis VL AT,Bangalore,7,14.28,1798.0,138.03,20.0,0.1448960370933855
Toyota Innova Crysta 2.8 ZX AT,Coimbatore,6,11.36,2755.0,171.5,24.82,0.14472303206997084
Mahindra Thar DI 4X4,Kochi,6,18.06,2523.0,63.0,9.11,0.1446031746031746
Toyota Innova 2.5 GX (Diesel) 7 Seater,Coimbatore,8,12.99,2494.0,100.6,14.52,0.14433399602385685
Ford Mustang V8,Kochi,7,13.0,4951.0,395.0,56.8,0.14379746835443039
Jeep Compass 2.0 Limited 4X4,Coimbatore,6,16.3,1956.0,170.0,23.91,0.1406470588235294
Toyota Innova 2.5 G4 Diesel 8-seater,Kochi,8,12.8,2494.0,102.0,14.29,0.14009803921568625
Jaguar XE Portfolio,Mumbai,8,13.5,1999.0,246.74,34.5,0.13982329577693117
Volkswagen Jetta 2012-2014 1.4 TSI,Coimbatore,7,14.69,1390.0,120.33,16.8,0.13961605584642234
Toyota Innova Crysta 2.4 VX MT,Hyderabad,8,13.68,2393.0,147.8,20.4,0.13802435723951284
Toyota Innova Crysta 2.4 VX MT,Kochi,7,13.68,2393.0,147.8,19.92,0.1347767253044655
Toyota Innova Crysta 2.8 ZX AT,Hyderabad,8,11.36,2755.0,171.5,22.99,0.13405247813411078
Toyota Innova 2.5 G (Diesel) 8 Seater,Kochi,8,12.99,2494.0,100.6,13.48,0.13399602385685885
Mercedes-Benz GLA Class 200 CDI SPORT,Kochi,8,17.9,2143.0,136.0,18.06,0.1327941176470588
Skoda Superb Style 2.0 TDI AT,Mumbai,8,18.19,1968.0,174.5,22.99,0.13174785100286532
Mahindra Bolero ZLX,Coimbatore,8,15.96,2523.0,62.1,8.14,0.13107890499194846
Mahindra Thar DI 4X4,Mumbai,7,18.06,2523.0,63.0,8.25,0.13095238095238096
Honda City i-DTEC ZX,Hyderabad,8,25.6,1498.0,98.6,12.9,0.1308316430020284
Toyota Corolla Altis 1.8 VL CVT,Delhi,8,14.28,1798.0,138.03,18.0,0.13040643338404695
Maruti Vitara Brezza ZDi Plus AMT Dual Tone,Chennai,7,24.3,1248.0,88.5,11.5,0.12994350282485875
Renault Captur 1.5 Diesel Platine Mono,Kochi,6,20.37,1461.0,108.45,14.01,0.12918395573997232
Hyundai Creta 1.6 SX Option Diesel,Coimbatore,6,20.5,1582.0,126.2,16.27,0.12892234548335973
Maruti Vitara Brezza ZDi Plus Dual Tone,Coimbatore,8,24.3,1248.0,88.5,11.39,0.12870056497175142
Maruti Vitara Brezza ZDi Plus Dual Tone,Coimbatore,8,24.3,1248.0,88.5,11.31,0.12779661016949154
Jeep Compass 2.0 Limited 4X4,Coimbatore,7,16.3,1956.0,170.0,21.69,0.12758823529411764
Maruti Vitara Brezza ZDi Plus AMT Dual Tone,Chennai,7,24.3,1248.0,88.5,11.25,0.1271186440677966
Toyota Innova Crysta 2.4 ZX MT,Bangalore,8,13.68,2393.0,147.8,18.75,0.12686062246278754
Toyota Corolla Altis 1.8 VL CVT,Kochi,7,14.28,1798.0,138.03,17.49,0.1267115844381656
Toyota Innova Crysta 2.4 ZX MT,Pune,8,13.68,2393.0,147.8,18.65,0.12618403247631932
Toyota Innova Crysta 2.4 ZX MT,Pune,8,13.68,2393.0,147.8,18.6,0.12584573748308525
Toyota Innova 2.5 GX (Diesel) 7 Seater BS IV,Kochi,8,12.8,2494.0,102.0,12.83,0.1257843137254902
Renault Captur 1.5 Diesel Platine Mono,Mumbai,7,20.37,1461.0,108.45,13.5,0.12448132780082988
Toyota Innova Crysta 2.4 ZX MT,Coimbatore,7,13.68,2393.0,147.8,18.39,0.12442489851150203
Maruti Vitara Brezza ZDi Plus Dual Tone,Coimbatore,7,24.3,1248.0,88.5,11.0,0.12429378531073447
Maruti Dzire AMT ZDI Plus,Hyderabad,8,28.4,1248.0,73.75,9.15,0.12406779661016949
Hyundai Elantra CRDi SX,Coimbatore,6,22.7,1582.0,126.2,15.57,0.1233755942947702
Renault Captur 1.5 Diesel RXL,Coimbatore,6,20.37,1461.0,108.45,13.37,0.12328261871830336
Toyota Corolla Altis 1.8 VL CVT,Kolkata,7,14.28,1798.0,138.03,16.95,0.1227993914366442
Maruti Dzire AMT ZDI Plus,Pune,8,28.4,1248.0,73.75,9.0,0.12203389830508475
Hyundai Creta 1.4 E Plus Diesel,Kochi,7,21.38,1396.0,88.7,10.82,0.12198421645997745
Honda City i-DTEC ZX,Pune,8,25.6,1498.0,98.6,12.0,0.12170385395537527
Hyundai Creta 1.6 SX Plus Petrol Automatic,Coimbatore,7,13.0,1591.0,121.3,14.76,0.12168178070898598
Toyota Innova Crysta 2.4 VX MT 8S,Coimbatore,8,13.68,2393.0,147.8,17.92,0.1212449255751015
Honda City i-VTEC CVT ZX,Coimbatore,7,18.0,1497.0,117.3,14.21,0.12114236999147486
Maruti Dzire AMT ZDI Plus,Chennai,8,28.4,1248.0,73.75,8.9,0.12067796610169491
Hyundai Tucson 2.0 e-VGT 2WD AT GLS,Kochi,7,16.38,1995.0,183.0,21.99,0.1201639344262295
ISUZU D-MAX V-Cross 4X4,Coimbatore,7,12.4,2499.0,134.0,16.09,0.12007462686567164
Mahindra XUV500 AT W10 AWD,Coimbatore,7,16.0,2179.0,140.0,16.77,0.11978571428571429
Toyota Innova Crysta 2.8 ZX AT,Bangalore,8,11.36,2755.0,171.5,20.5,0.119533527696793
Toyota Innova Crysta 2.4 VX MT,Mumbai,8,13.68,2393.0,147.8,17.65,0.11941813261163733
Maruti Baleno Alpha Automatic,Coimbatore,7,21.4,1197.0,83.1,9.89,0.1190132370637786
Honda City i DTec VX,Coimbatore,7,26.0,1498.0,98.6,11.73,0.11896551724137933
Hyundai Elantra CRDi SX,Ahmedabad,7,22.7,1582.0,126.2,15.0,0.11885895404120443
Maruti Vitara Brezza ZDi Plus,Kochi,6,24.3,1248.0,88.5,10.49,0.11853107344632768
Mahindra XUV500 W8 2WD,Coimbatore,7,16.0,2179.0,140.0,16.59,0.1185
Toyota Innova Crysta 2.4 GX MT 8S,Hyderabad,8,13.68,2393.0,147.8,17.5,0.11840324763193504
Hyundai Creta 1.6 SX Plus Petrol Automatic,Coimbatore,7,13.0,1591.0,121.3,14.36,0.11838417147568013
Hyundai Creta 1.4 E Plus Diesel,Mumbai,7,22.1,1396.0,88.7,10.5,0.11837655016910935
Hyundai Creta 1.6 SX Plus Petrol Automatic,Coimbatore,7,13.0,1591.0,121.3,14.35,0.11830173124484748
Mahindra Scorpio S10 7 Seater,Kochi,7,15.4,2179.0,120.0,14.19,0.11825
Honda CR-V 2.0 AT,Kochi,8,13.1,1997.0,141.1,16.68,0.11821403260099221
Maruti Vitara Brezza ZDi,Coimbatore,7,24.3,1248.0,88.5,10.46,0.11819209039548023
Mahindra XUV500 AT W10 FWD,Coimbatore,7,16.0,2179.0,140.0,16.52,0.118
Mahindra XUV500 AT W10 FWD,Delhi,8,16.0,2179.0,140.0,16.5,0.11785714285714285
Toyota Etios 1.4 VXD,Pune,7,23.59,1364.0,67.04,7.9,0.11784009546539378
Ford Ecosport Signature Edition Diesel,Coimbatore,6,23.0,1498.0,98.96,11.65,0.11772433306386419
Jeep Compass 2.0 Limited Option 4X4,Jaipur,8,16.3,1956.0,170.0,20.0,0.11764705882352941
Jeep Compass 2.0 Limited 4X4,Mumbai,8,16.3,1956.0,170.0,20.0,0.11764705882352941
Mahindra XUV500 AT W10 FWD,Kochi,7,16.0,2179.0,140.0,16.46,0.11757142857142858
Maruti Baleno Alpha Diesel,Mumbai,7,27.39,1248.0,74.0,8.7,0.11756756756756756
Toyota Innova Crysta 2.8 ZX AT,Coimbatore,8,11.36,2755.0,171.5,20.14,0.11743440233236152
Hyundai Creta 1.6 SX Plus Diesel,Coimbatore,8,19.67,1582.0,126.2,14.82,0.11743264659270998
Maruti Omni 5 Seater BSIV,Coimbatore,6,14.0,796.0,35.0,4.11,0.11742857142857144
Hyundai Creta 1.6 CRDi AT SX Plus,Coimbatore,8,17.01,1582.0,126.2,14.79,0.11719492868462757
Maruti Swift DDiS ZDI Plus,Hyderabad,7,28.4,1248.0,74.0,8.65,0.11689189189189189
Mahindra XUV500 W10 2WD,Kochi,7,16.0,2179.0,140.0,16.36,0.11685714285714285
Maruti Vitara Brezza ZDi Plus Dual Tone,Coimbatore,8,24.3,1248.0,88.5,10.34,0.1168361581920904
Toyota Innova Crysta 2.8 ZX AT,Kochi,8,11.36,2755.0,171.5,19.97,0.11644314868804664
Toyota Innova Crysta 2.8 ZX AT,Kochi,7,11.36,2755.0,171.5,19.92,0.11615160349854228
Tata Hexa XTA,Coimbatore,6,17.6,2179.0,153.86,17.85,0.11601455868971793
Maruti Dzire AMT ZDI Plus,Kochi,7,28.4,1248.0,73.75,8.55,0.11593220338983051
Mahindra XUV500 W10 2WD,Coimbatore,8,16.0,2179.0,140.0,16.13,0.11521428571428571
Maruti Vitara Brezza ZDi Plus,Kochi,7,24.3,1248.0,88.5,10.19,0.1151412429378531
Maruti Swift Dzire VDI Optional,Kochi,6,26.59,1248.0,74.0,8.51,0.11499999999999999
Hyundai Creta 1.6 CRDi AT SX Plus,Chennai,8,17.01,1582.0,126.2,14.5,0.11489698890649762
Renault Duster 110PS Diesel RxZ AMT,Coimbatore,8,19.6,1461.0,108.45,12.46,0.1148916551406178
Maruti Baleno Delta 1.3,Hyderabad,7,27.39,1248.0,74.0,8.5,0.11486486486486487
Maruti Baleno Delta 1.3,Hyderabad,8,27.39,1248.0,74.0,8.5,0.11486486486486487
Mahindra XUV500 W10 2WD,Coimbatore,8,16.0,2179.0,140.0,16.08,0.11485714285714284
Maruti Vitara Brezza ZDi Plus,Coimbatore,7,24.3,1248.0,88.5,10.15,0.11468926553672316
Toyota Innova Crysta 2.4 VX MT,Kolkata,8,13.68,2393.0,147.8,16.95,0.11468200270635993
Toyota Innova Crysta 2.8 GX AT,Kochi,6,11.36,2755.0,171.5,19.65,0.11457725947521866
Isuzu MUX 4WD,Jaipur,8,13.8,2999.0,174.57,20.0,0.11456722231769491
Toyota Innova Crysta 2.8 GX AT,Kochi,6,11.36,2755.0,171.5,19.64,0.11451895043731779
Jeep Compass 2.0 Longitude,Kochi,7,17.1,1956.0,170.0,19.46,0.11447058823529413
Maruti Baleno Alpha CVT,Kochi,6,21.4,1197.0,83.1,9.51,0.11444043321299639
Mahindra Bolero mHAWK D70 ZLX,Hyderabad,8,16.5,1493.0,70.0,8.0,0.11428571428571428
Mahindra XUV500 W10 AWD,Jaipur,8,16.0,2179.0,140.0,16.0,0.11428571428571428
Mahindra XUV500 W9 AT,Coimbatore,6,14.0,2179.0,155.0,17.63,0.11374193548387096
Mahindra XUV500 W10 2WD,Jaipur,8,16.0,2179.0,140.0,15.9,0.11357142857142857
Hyundai Creta 1.6 SX Plus Petrol Automatic,Coimbatore,8,13.0,1591.0,121.3,13.77,0.113520197856554
Maruti Swift DDiS VDI,Coimbatore,6,28.4,1248.0,74.0,8.4,0.11351351351351352
Maruti Baleno Alpha Diesel,Hyderabad,8,27.39,1248.0,74.0,8.4,0.11351351351351352
Maruti Dzire AMT VDI,Coimbatore,7,28.4,1248.0,73.75,8.37,0.1134915254237288
Hyundai Verna 1.6 CRDI SX Option,Kochi,6,23.9,1582.0,126.2,14.28,0.11315372424722661
Toyota Innova Crysta 2.8 GX AT,Kochi,6,11.36,2755.0,171.5,19.4,0.11311953352769678
Volkswagen Vento 1.5 Highline Plus AT 16 Alloy,Hyderabad,8,21.5,1498.0,108.5,12.25,0.11290322580645161
Ford EcoSport 1.5 TDCi Trend Plus BE,Coimbatore,6,22.77,1498.0,98.59,11.13,0.11289177401359164
Toyota Innova Crysta 2.8 ZX AT,Mumbai,8,11.36,2755.0,171.5,19.25,0.11224489795918367
Jeep Compass 2.0 Longitude,Coimbatore,7,17.1,1956.0,170.0,19.05,0.11205882352941177
Hyundai Creta 1.6 SX Plus Dual Tone Petrol,Kochi,6,15.29,1591.0,121.3,13.56,0.11178895300906844
Jeep Compass 2.0 Limited,Jaipur,7,17.1,1956.0,170.0,19.0,0.11176470588235295
Maruti Vitara Brezza ZDi,Coimbatore,8,24.3,1248.0,88.5,9.88,0.11163841807909605
Toyota Innova Crysta 2.4 GX MT,Chennai,8,13.68,2393.0,147.8,16.5,0.11163734776725304
Toyota Innova Crysta 2.4 G MT 8S,Mumbai,8,13.68,2393.0,147.8,16.5,0.11163734776725304
Toyota Innova Crysta 2.4 VX MT,Hyderabad,8,13.68,2393.0,147.8,16.5,0.11163734776725304
Toyota Innova Crysta 2.4 GX MT 8S,Mumbai,8,13.68,2393.0,147.8,16.5,0.11163734776725304
Honda WRV i-VTEC VX,Kochi,7,17.5,1199.0,88.7,9.9,0.11161217587373168
Hyundai Creta 1.4 E Plus Diesel,Mumbai,8,21.38,1396.0,88.7,9.9,0.11161217587373168
Honda City i DTec VX,Ahmedabad,8,26.0,1498.0,98.6,11.0,0.11156186612576066
Hyundai Creta 1.6 SX Plus Petrol Automatic,Coimbatore,8,13.0,1591.0,121.3,13.49,0.1112118713932399
Maruti Dzire ZDI Plus,Jaipur,8,28.4,1248.0,73.75,8.2,0.1111864406779661
Maruti Omni E MPI STD BS IV,Kochi,6,16.8,796.0,34.2,3.8,0.11111111111111109
Jeep Compass 1.4 Limited Option,Mumbai,8,16.0,1368.0,160.0,17.75,0.1109375
Maruti Swift DDiS ZDI Plus,Hyderabad,8,28.4,1248.0,74.0,8.2,0.1108108108108108
Mahindra XUV500 AT W10 FWD,Mumbai,8,16.0,2179.0,140.0,15.5,0.11071428571428571
Honda City i DTEC VX Option,Coimbatore,8,25.1,1498.0,98.6,10.88,0.11034482758620691
Maruti Ciaz ZDi Plus SHVS,Jaipur,8,28.09,1248.0,88.5,9.75,0.11016949152542373
Maruti Vitara Brezza ZDi,Bangalore,8,24.3,1248.0,88.5,9.75,0.11016949152542373
Maruti Ertiga SHVS VDI,Hyderabad,8,24.52,1248.0,88.5,9.75,0.11016949152542373
Maruti SX4 S Cross DDiS 200 Zeta,Mumbai,8,23.65,1248.0,88.5,9.75,0.11016949152542373
Ford Ecosport Signature Edition Diesel,Ahmedabad,7,23.0,1498.0,98.96,10.9,0.11014551333872273
Skoda Rapid 1.5 TDI Ambition,Coimbatore,7,21.13,1498.0,108.4,11.92,0.1099630996309963
Honda BR-V i-DTEC VX MT,Kochi,8,21.9,1498.0,98.6,10.79,0.10943204868154158
Renault Duster 110PS Diesel RxZ AMT,Coimbatore,8,19.6,1461.0,108.45,11.86,0.10935915168280312
Maruti Ciaz 1.4 Zeta,Kochi,7,20.73,1373.0,91.1,9.96,0.10933040614709112
Hyundai Creta 1.6 SX Option Executive,Coimbatore,7,15.8,1591.0,121.3,13.25,0.10923330585325638
Maruti Ciaz 1.4 AT Alpha,Hyderabad,8,19.12,1373.0,91.1,9.95,0.10922063666300769
Hyundai Creta 1.6 CRDi SX Option,Coimbatore,8,19.67,1582.0,126.2,13.78,0.1091917591125198
Maruti Swift Dzire AMT ZDI,Coimbatore,8,26.59,1248.0,74.0,8.08,0.10918918918918918
Hyundai Elantra 2.0 SX Option AT,Delhi,8,14.62,1999.0,149.92,16.35,0.10905816435432232
Hyundai Creta 1.6 CRDi SX Option,Pune,8,19.67,1582.0,126.2,13.75,0.1089540412044374
Hyundai Elite i20 Petrol Asta,Kochi,8,18.6,1197.0,81.86,8.91,0.10884436843391156
Jeep Compass 2.0 Limited,Pune,7,17.1,1956.0,170.0,18.5,0.10882352941176471
Hyundai Creta 1.6 SX,Hyderabad,7,15.8,1591.0,121.3,13.2,0.10882110469909316
Hyundai i20 1.2 Asta Option,Hyderabad,7,18.6,1197.0,81.83,8.9,0.10876206770133204
Mahindra Scorpio S10 4WD,Kochi,8,15.4,2179.0,120.0,13.05,0.10875
Maruti Ciaz 1.4 Alpha,Kochi,7,20.73,1373.0,91.1,9.9,0.10867178924259058
Hyundai Creta 1.6 CRDi SX,Coimbatore,8,19.67,1582.0,126.2,13.69,0.10847860538827257
Maruti Vitara Brezza VDi Option,Coimbatore,8,24.3,1248.0,88.5,9.58,0.10824858757062147
Honda City i-VTEC CVT ZX,Mumbai,8,18.0,1497.0,117.3,12.69,0.1081841432225064
Hyundai Creta 1.6 SX Plus Dual Tone Petrol,Coimbatore,8,15.29,1591.0,121.3,13.12,0.10816158285243198
Tata Tigor 1.05 Revotorq XZ Option,Kochi,6,24.7,1047.0,69.0,7.46,0.1081159420289855
Maruti Swift AMT DDiS VDI,Chennai,7,28.4,1248.0,74.0,8.0,0.10810810810810811
Maruti Vitara Brezza ZDi Plus Dual Tone,Kochi,8,24.3,1248.0,88.5,9.51,0.10745762711864407
Maruti Swift Dzire VDI,Hyderabad,8,26.59,1248.0,74.0,7.95,0.10743243243243243
Honda Amaze VX i-VTEC,Coimbatore,6,17.8,1198.0,86.7,9.31,0.10738177623990773
Hyundai Creta 1.6 SX Plus Diesel,Coimbatore,8,19.67,1582.0,126.2,13.55,0.10736925515055468
Hyundai Creta 1.6 CRDi SX,Coimbatore,6,19.67,1582.0,126.2,13.54,0.10729001584786053
Hyundai Elite i20 Asta Option,Coimbatore,6,18.6,1197.0,81.86,8.78,0.10725629122892744
Maruti Vitara Brezza ZDi Plus,Hyderabad,8,24.3,1248.0,88.5,9.49,0.1072316384180791
Maruti Ciaz 1.3 Alpha,Kochi,7,28.09,1248.0,88.5,9.48,0.10711864406779661
Toyota Innova Crysta 2.8 GX AT,Kochi,8,11.36,2755.0,171.5,18.36,0.10705539358600583
Maruti Vitara Brezza ZDi Plus Dual Tone,Kochi,8,24.3,1248.0,88.5,9.44,0.10666666666666666
Honda City i-VTEC CVT VX,Pune,7,18.0,1497.0,117.3,12.5,0.10656436487638533
Honda City i VTEC CVT VX,Hyderabad,8,18.0,1497.0,117.3,12.5,0.10656436487638533
Maruti Baleno Alpha CVT,Mumbai,7,21.4,1197.0,83.1,8.85,0.10649819494584838
Toyota Innova Crysta 2.8 GX AT 8S,Delhi,8,11.36,2755.0,171.5,18.25,0.10641399416909621
Maruti Vitara Brezza VDi Option,Hyderabad,7,24.3,1248.0,88.5,9.4,0.10621468926553673
Maruti Vitara Brezza ZDi Plus Dual Tone,Kochi,8,24.3,1248.0,88.5,9.38,0.10598870056497176
Hyundai Verna VTVT 1.6 AT SX Option,Mumbai,7,17.0,1591.0,121.3,12.85,0.10593569661995053
Maruti Baleno Zeta 1.3,Coimbatore,7,27.39,1248.0,74.0,7.83,0.10581081081081081
Hyundai Creta 1.6 SX Plus Diesel,Pune,8,19.67,1582.0,126.2,13.35,0.10578446909667194
Ford Ecosport 1.5 DV5 MT Titanium,Hyderabad,8,22.7,1498.0,89.84,9.5,0.10574354407836153
Hyundai Creta 1.6 SX Plus Diesel,Kochi,7,19.67,1582.0,126.2,13.34,0.10570522979397781
Renault Duster 110PS Diesel RxZ AMT,Coimbatore,8,19.6,1461.0,108.45,11.44,0.10548639926233286
Hyundai Creta 1.6 CRDi SX,Hyderabad,8,19.67,1582.0,126.2,13.3,0.10538827258320127
Maruti Ciaz ZDi Plus,Coimbatore,7,26.21,1248.0,88.5,9.32,0.10531073446327684
Hyundai Creta 1.6 CRDi SX,Kochi,8,19.67,1582.0,126.2,13.28,0.10522979397781299
Hyundai Creta 1.6 SX Plus Dual Tone Petrol,Mumbai,7,15.29,1591.0,121.3,12.75,0.10511129431162408
Hyundai Creta 1.6 SX Plus Petrol Automatic,Ahmedabad,8,13.0,1591.0,121.3,12.75,0.10511129431162408
Hyundai i20 Active SX Dual Tone Petrol,Pune,6,17.19,1197.0,81.86,8.6,0.10505741509894942
Toyota Innova Crysta 2.8 GX AT,Pune,7,11.36,2755.0,171.5,18.0,0.10495626822157435
Honda WRV i-VTEC VX,Kochi,7,17.5,1199.0,88.7,9.29,0.10473506200676436
Maruti Baleno Zeta 1.2,Coimbatore,6,21.4,1197.0,83.1,8.7,0.10469314079422383
Maruti Omni MPI STD BSIV,Coimbatore,8,16.8,796.0,34.2,3.58,0.10467836257309941
Maruti Vitara Brezza ZDi Plus Dual Tone,Ahmedabad,8,24.3,1248.0,88.5,9.25,0.10451977401129943
Maruti Ertiga VDI,Mumbai,7,25.47,1248.0,88.5,9.25,0.10451977401129943
Honda Jazz 1.2 V CVT i VTEC,Coimbatore,7,19.0,1199.0,88.7,9.27,0.10450958286358511
Maruti Dzire AMT ZXI Plus,Hyderabad,8,22.0,1197.0,81.8,8.5,0.1039119804400978
Hyundai Creta 1.6 SX Plus Petrol Automatic,Kochi,7,13.0,1591.0,121.3,12.6,0.10387469084913438
Mahindra XUV500 W8 4WD,Kolkata,8,16.0,2179.0,140.0,14.5,0.10357142857142858
Maruti Baleno Alpha Automatic,Hyderabad,8,21.4,1197.0,83.1,8.6,0.10348977135980747
Hyundai i20 Asta Option 1.4 CRDi,Coimbatore,8,22.54,1396.0,88.73,9.18,0.10345993463315677
Hyundai i20 1.4 Sportz,Coimbatore,7,22.54,1396.0,88.73,9.18,0.10345993463315677
Mahindra Scorpio S6 7 Seater,Kochi,7,15.4,2179.0,120.0,12.4,0.10333333333333333
Hyundai Creta 1.6 SX Plus Dual Tone Petrol,Coimbatore,8,15.29,1591.0,121.3,12.53,0.10329760923330585
Jeep Compass 2.0 Longitude,Kochi,7,17.1,1956.0,170.0,17.55,0.10323529411764706
Maruti Vitara Brezza ZDi Plus,Kochi,8,24.3,1248.0,88.5,9.13,0.1031638418079096
Honda Jazz 1.2 V CVT i VTEC,Coimbatore,7,19.0,1199.0,88.7,9.15,0.10315670800450959
Ford EcoSport 1.5 Ti VCT AT Titanium BE,Kolkata,8,16.05,1499.0,110.4,11.37,0.1029891304347826
Honda City i VTEC CVT VX,Kochi,7,18.0,1497.0,117.3,12.08,0.10298380221653879
Hyundai Creta 1.6 SX Plus Dual Tone Petrol,Coimbatore,8,15.29,1591.0,121.3,12.49,0.10296784830997527
Jeep Compass 2.0 Limited Option 4X4,Kolkata,8,16.3,1956.0,170.0,17.5,0.10294117647058823
Jeep Compass 2.0 Limited Option Black,Mumbai,8,17.1,1956.0,170.0,17.45,0.10264705882352941
Maruti Vitara Brezza ZDi,Coimbatore,8,24.3,1248.0,88.5,9.05,0.10225988700564972
Ford EcoSport 1.5 Petrol Titanium Plus AT,Coimbatore,7,14.8,1497.0,121.36,12.41,0.10225774555042848
Hyundai Creta 1.6 CRDi SX,Mumbai,8,19.67,1582.0,126.2,12.9,0.10221870047543581
Toyota Etios Cross 1.4 GD,Coimbatore,7,23.59,1364.0,67.04,6.85,0.10217780429594271
Mahindra Scorpio 1.99 S8,Delhi,8,15.4,1997.0,120.0,12.25,0.10208333333333333
Honda City i-VTEC CVT VX,Kochi,7,18.0,1497.0,117.3,11.97,0.1020460358056266
Maruti Baleno Zeta Automatic,Coimbatore,7,21.4,1197.0,83.1,8.47,0.1019253910950662
Hyundai Elite i20 Petrol Asta,Coimbatore,7,18.6,1197.0,81.86,8.34,0.10188126068898119
Maruti Ciaz 1.4 Zeta,Mumbai,7,20.73,1373.0,91.1,9.28,0.10186608122941822
Volkswagen Polo 1.2 MPI Highline,Coimbatore,7,16.47,1198.0,74.0,7.53,0.10175675675675676
Hyundai Creta 1.6 SX Plus Dual Tone Petrol,Coimbatore,8,15.29,1591.0,121.3,12.34,0.10173124484748558
Maruti Vitara Brezza ZDi Plus,Jaipur,8,24.3,1248.0,88.5,9.0,0.1016949152542373
Hyundai Creta 1.6 CRDi SX,Kochi,8,19.67,1582.0,126.2,12.81,0.10150554675118859
Maruti Dzire AMT ZXI Plus,Coimbatore,6,22.0,1197.0,81.8,8.3,0.10146699266503668
Maruti Swift AMT VDI,Delhi,7,28.4,1248.0,74.0,7.5,0.10135135135135136
Maruti Swift Dzire ZDI,Kolkata,8,26.59,1248.0,74.0,7.5,0.10135135135135136
Maruti Swift Dzire VDI,Ahmedabad,8,26.59,1248.0,74.0,7.5,0.10135135135135136
Honda City i VTEC VX Option,Coimbatore,6,17.4,1497.0,117.3,11.87,0.10119352088661551
Maruti Baleno Alpha 1.3,Kochi,7,27.39,1248.0,74.0,7.48,0.10108108108108109
Maruti Ciaz 1.4 AT Alpha,Delhi,8,19.12,1373.0,91.1,9.2,0.10098792535675082
Maruti S-Cross Delta DDiS 200 SH,Delhi,7,25.1,1248.0,88.5,8.92,0.1007909604519774
Maruti Ciaz 1.3 Alpha,Delhi,8,28.09,1248.0,88.5,8.9,0.10056497175141244
Hyundai i20 Active 1.2 SX,Coimbatore,7,17.19,1197.0,81.86,8.22,0.10041534326899586
Honda WRV i-VTEC VX,Hyderabad,8,17.5,1199.0,88.7,8.9,0.10033821871476889
Jeep Compass 2.0 Longitude,Kochi,7,17.1,1956.0,170.0,17.02,0.10011764705882353
Hyundai i20 Active 1.2 SX,Coimbatore,8,17.19,1197.0,81.86,8.19,0.1000488639139995
Hyundai Creta 1.6 SX Option,Kochi,7,15.8,1591.0,121.3,12.13,0.1
Hyundai Creta 1.6 CRDi SX,Pune,8,19.67,1582.0,126.2,12.6,0.09984152139461172
Honda Amaze V CVT Petrol,Kochi,6,19.0,1199.0,88.76,8.86,0.09981973862100044
Jeep Compass 2.0 Sport,Hyderabad,8,17.1,1956.0,170.0,16.9,0.09941176470588234
Honda City i-VTEC CVT V,Kochi,6,18.0,1497.0,117.3,11.66,0.09940323955669225
Hyundai Creta 1.6 SX Plus Dual Tone Petrol,Coimbatore,8,15.29,1591.0,121.3,12.03,0.09917559769167353
Hyundai i20 Asta Option 1.2,Coimbatore,8,18.6,1197.0,81.83,8.11,0.09910790663570818
Hyundai Creta 1.6 CRDi SX,Delhi,8,19.67,1582.0,126.2,12.5,0.09904912836767037
Honda City i-VTEC CVT VX,Mumbai,8,18.0,1497.0,117.3,11.6,0.0988917306052856
Maruti Vitara Brezza ZDi,Kolkata,7,24.3,1248.0,88.5,8.75,0.09887005649717515
Mahindra Thar CRDe AC,Coimbatore,6,16.55,2498.0,105.0,10.36,0.09866666666666667
Volkswagen Ameo 1.2 MPI Highline,Coimbatore,7,17.0,1198.0,73.75,7.27,0.09857627118644068
Honda City V MT Exclusive,Kochi,6,16.8,1497.0,116.3,11.45,0.09845227858985382
Hyundai Creta 1.6 SX Plus Dual Tone Petrol,Kochi,8,15.29,1591.0,121.3,11.94,0.09843363561417971
Maruti Ertiga SHVS VDI,Ahmedabad,7,24.52,1248.0,88.5,8.7,0.0983050847457627
Volkswagen Ameo 1.2 MPI Highline,Coimbatore,8,17.0,1198.0,73.75,7.23,0.09803389830508476
Maruti Swift Dzire VDI,Mumbai,8,23.4,1248.0,74.0,7.25,0.09797297297297297
Hyundai Verna VTVT 1.6 SX Option,Kochi,6,17.0,1591.0,121.3,11.88,0.09793899422918385
Maruti Ciaz AT ZXi,Coimbatore,8,19.12,1373.0,91.1,8.89,0.09758507135016467
Hyundai i20 1.2 Asta Option,Coimbatore,8,18.6,1197.0,81.83,7.98,0.09751924721984603
Maruti Vitara Brezza ZDi Plus,Kochi,7,24.3,1248.0,88.5,8.63,0.09751412429378532
Maruti Vitara Brezza VDi Option,Kochi,7,24.3,1248.0,88.5,8.62,0.09740112994350282
Ford Ecosport 1.5 DV5 MT Titanium Optional,Mumbai,8,22.7,1498.0,89.84,8.75,0.0973953695458593
Maruti Vitara Brezza LDi,Kochi,8,24.3,1248.0,88.5,8.61,0.09728813559322033
Hyundai Creta 1.6 SX,Coimbatore,7,15.8,1591.0,121.3,11.78,0.09711459192085738
Hyundai i20 1.4 Sportz,Coimbatore,6,22.54,1396.0,88.73,8.61,0.09703595176377774
Hyundai Elite i20 Petrol Asta,Kochi,7,18.6,1197.0,81.86,7.93,0.09687270950403128
Skoda Rapid 1.5 TDI AT Style,Kolkata,8,21.72,1498.0,108.4,10.5,0.09686346863468634
Skoda Rapid 1.5 TDI Style,Hyderabad,8,21.13,1498.0,108.4,10.5,0.09686346863468634
Mahindra XUV500 W10 2WD,Kochi,8,16.0,2179.0,140.0,13.54,0.09671428571428571
Maruti Swift VDI,Hyderabad,7,28.4,1248.0,74.0,7.15,0.09662162162162162
Maruti Ciaz Zeta,Kochi,7,21.56,1462.0,103.25,9.95,0.09636803874092009
Skoda Superb Style 1.8 TSI AT,Kochi,8,14.67,1798.0,177.46,17.08,0.09624704158683646
Tata Tigor 1.05 Revotorq XT,Kochi,7,24.7,1047.0,69.0,6.64,0.096231884057971
Skoda Octavia Elegance 1.8 TSI AT,Kochi,8,14.7,1798.0,177.5,17.08,0.09622535211267605
Hyundai Xcent 1.1 CRDi S,Kochi,8,24.4,1120.0,71.0,6.83,0.09619718309859156
Maruti Ciaz 1.4 Delta,Coimbatore,7,20.73,1373.0,91.1,8.76,0.09615806805708013
Hyundai Creta 1.6 CRDi SX Option,Kochi,8,19.67,1582.0,126.2,12.13,0.09611727416798732
Maruti Ciaz VDi Plus SHVS,Jaipur,8,28.09,1248.0,88.5,8.5,0.096045197740113
Maruti S Cross DDiS 200 Sigma Option,Pune,8,15.0,1248.0,88.5,8.5,0.096045197740113
Ford EcoSport 1.5 TDCi Titanium,Kochi,7,22.77,1498.0,98.59,9.46,0.09595293640328634
Maruti Ertiga VDI,Kochi,7,25.47,1248.0,88.5,8.49,0.09593220338983051
Honda City i VTEC VX Option,Ahmedabad,7,17.4,1497.0,117.3,11.25,0.0959079283887468
Honda City i DTEC VX,Kochi,8,25.1,1498.0,98.6,9.44,0.09574036511156186
Hyundai Grand i10 Asta Option,Coimbatore,8,18.9,1197.0,82.0,7.85,0.09573170731707317
Hyundai Verna 1.6 SX VTVT (O) AT,Mumbai,8,17.1,1591.0,121.4,11.6,0.09555189456342668
Renault KWID RXT Optional,Kochi,6,25.17,799.0,53.3,5.09,0.09549718574108819
Honda Jazz VX,Kochi,7,18.2,1199.0,88.7,8.46,0.09537767756482526
Hyundai i20 1.2 Spotz,Coimbatore,7,18.6,1197.0,81.83,7.8,0.09531956495172919
Maruti Swift VDI Optional,Coimbatore,7,25.2,1248.0,74.0,7.05,0.09527027027027027
Hyundai Verna 1.6 SX VTVT,Coimbatore,6,17.01,1591.0,121.3,11.54,0.09513602638087386
Honda City i-VTEC VX,Mumbai,8,17.4,1497.0,117.3,11.15,0.09505541346973573
Hyundai i20 1.2 Asta Option,Coimbatore,7,18.6,1197.0,81.83,7.77,0.0949529512403764
Maruti Baleno Delta Automatic,Kochi,7,21.4,1197.0,83.1,7.89,0.09494584837545127
Hyundai Verna VTVT 1.6 AT SX Plus,Kochi,6,17.0,1591.0,121.3,11.5,0.09480626545754328
Maruti Vitara Brezza LDi,Kochi,7,24.3,1248.0,88.5,8.39,0.09480225988700565
Maruti Swift ZXI Plus,Ahmedabad,7,22.0,1197.0,81.8,7.75,0.09474327628361859
Hyundai i20 1.2 Asta Option,Hyderabad,8,18.6,1197.0,81.83,7.75,0.09470854209947452
Maruti Baleno Delta 1.3,Delhi,8,27.39,1248.0,74.0,6.96,0.09405405405405405
Skoda Rapid 1.6 MPI AT Style,Kochi,7,14.3,1598.0,103.52,9.72,0.09389489953632149
Maruti Ciaz VDi Plus SHVS,Delhi,8,28.09,1248.0,88.5,8.3,0.09378531073446328
Hyundai i20 Sportz Option 1.2,Kochi,6,18.6,1197.0,81.83,7.67,0.09373090553586705
Hyundai i20 1.2 Spotz,Kochi,7,18.6,1197.0,81.83,7.65,0.09348649639496517
Ford EcoSport 1.5 Diesel Titanium,Coimbatore,7,23.0,1498.0,98.96,9.25,0.09347210994341149
Maruti Baleno Delta 1.2,Coimbatore,7,21.4,1197.0,83.1,7.76,0.09338146811070999
Volkswagen Polo Diesel Highline 1.2L,Chennai,8,22.07,1199.0,73.9,6.9,0.09336941813261164
Maruti Ciaz 1.3 S,Coimbatore,8,28.09,1248.0,88.5,8.26,0.09333333333333334
Skoda Rapid 1.6 MPI Ambition,Coimbatore,6,15.41,1598.0,103.52,9.66,0.09331530139103555
Maruti Baleno Zeta Automatic,Jaipur,7,21.4,1197.0,83.1,7.75,0.09326113116726836
Volkswagen Polo 1.2 MPI Highline Plus,Hyderabad,8,16.2,1199.0,74.0,6.9,0.09324324324324325
Hyundai Creta 1.6 SX Option,Kochi,8,15.8,1591.0,121.3,11.31,0.093239901071723
Toyota Etios Cross 1.4 GD,Ahmedabad,8,23.59,1364.0,67.04,6.25,0.09322792362768495
Maruti Ertiga VDI,Kochi,8,20.77,1248.0,88.76,8.27,0.09317260027039206
Maruti Baleno Alpha 1.2,Kochi,8,21.4,1197.0,83.1,7.74,0.09314079422382672
Honda WRV i-VTEC VX,Ahmedabad,8,17.5,1199.0,88.7,8.25,0.09301014656144306
Honda Jazz Exclusive CVT,Mumbai,7,19.0,1199.0,88.7,8.25,0.09301014656144306
Hyundai Grand i10 AT Asta,Coimbatore,8,18.9,1197.0,82.0,7.6,0.09268292682926829
Hyundai i20 1.2 Spotz,Coimbatore,7,18.6,1197.0,81.83,7.58,0.09263106440180863
Tata Hexa XT,Pune,8,17.6,2179.0,153.86,14.25,0.09261666450019497
Tata Nano XT,Coimbatore,8,23.9,624.0,37.48,3.47,0.09258271077908219
Honda WR-V Edge Edition i-VTEC S,Kochi,6,17.5,1199.0,88.7,8.2,0.09244644870349492
Hyundai i20 1.4 Asta Option,Bangalore,8,22.54,1396.0,88.73,8.2,0.0924151921559788
Volkswagen Polo 1.5 TDI Highline,Coimbatore,7,20.14,1498.0,88.0,8.12,0.09227272727272727
Hyundai Grand i10 1.2 Kappa Sportz AT,Coimbatore,7,18.9,1197.0,81.86,7.55,0.09223063767407769
Volkswagen Vento 1.5 TDI Highline,Hyderabad,8,20.64,1498.0,108.5,10.0,0.09216589861751152
Toyota Etios Liva 1.2 VX Dual Tone,Coimbatore,6,18.16,1197.0,78.9,7.27,0.09214195183776931
Mahindra Thar CRDe,Coimbatore,8,16.55,2498.0,105.0,9.66,0.092
Hyundai Elite i20 Asta Option,Coimbatore,8,18.6,1197.0,81.86,7.53,0.09198631810408014
Hyundai i20 1.2 Asta Option,Jaipur,8,18.6,1197.0,81.83,7.5,0.09165342783820116
Maruti Ertiga SHVS VDI,Chennai,8,24.52,1248.0,88.5,8.1,0.09152542372881356
Tata Nexon 1.5 Revotorq XZ Plus Dual Tone,Mumbai,7,21.5,1497.0,108.5,9.9,0.0912442396313364
Maruti Swift Dzire AMT ZDI,Chennai,6,26.59,1248.0,74.0,6.75,0.09121621621621621
Hyundai Verna CRDi 1.6 SX Option,Pune,8,22.0,1582.0,126.2,11.5,0.09112519809825673
Tata Nano XTA,Coimbatore,8,21.9,624.0,37.48,3.41,0.09098185699039489
Ford EcoSport 1.5 Diesel Titanium,Mumbai,8,23.0,1498.0,98.96,8.99,0.0908447857720291
Ford EcoSport 1.5 Diesel Titanium,Mumbai,8,23.0,1498.0,98.96,8.99,0.0908447857720291
Maruti Baleno Zeta Automatic,Kochi,7,21.4,1197.0,83.1,7.54,0.09073405535499399
Hyundai Creta 1.6 SX Option Diesel,Coimbatore,8,20.5,1582.0,126.2,11.45,0.09072900158478604
Volkswagen Ameo 1.2 MPI Highline,Kochi,8,17.0,1198.0,73.75,6.69,0.09071186440677967
Maruti Alto 800 2016-2019 VXI,Coimbatore,7,24.7,796.0,47.3,4.29,0.09069767441860466
Maruti Ciaz 1.4 Delta,Ahmedabad,8,20.73,1373.0,91.1,8.25,0.09055982436882547
Maruti Dzire VDI,Kochi,8,28.4,1248.0,73.75,6.67,0.0904406779661017
Maruti Vitara Brezza ZDi Plus,Ahmedabad,8,24.3,1248.0,88.5,8.0,0.0903954802259887
Maruti Ertiga SHVS VDI,Pune,8,24.52,1248.0,88.5,8.0,0.0903954802259887
Maruti Vitara Brezza LDi Option,Pune,8,24.3,1248.0,88.5,7.99,0.09028248587570621
Maruti Baleno Alpha,Mumbai,8,21.4,1197.0,83.1,7.5,0.09025270758122744
Maruti Baleno Alpha,Kochi,8,21.4,1197.0,83.1,7.5,0.09025270758122744
Maruti Ciaz VDI SHVS,Kochi,7,28.09,1248.0,88.5,7.97,0.09005649717514123
Maruti Ignis 1.2 AMT Alpha,Coimbatore,6,20.89,1197.0,81.8,7.36,0.08997555012224939
Hyundai Elite i20 Petrol Sportz,Kochi,7,18.6,1197.0,81.86,7.32,0.0894209626191058
Maruti Vitara Brezza VDi Option,Delhi,8,24.3,1248.0,88.5,7.9,0.08926553672316384
Hyundai Creta 1.6 SX Automatic Diesel,Kolkata,7,17.6,1582.0,126.2,11.25,0.08914421553090332
Honda Jazz VX,Chennai,8,18.2,1199.0,88.7,7.9,0.08906426155580609
Maruti Baleno Zeta,Coimbatore,7,21.4,1197.0,83.1,7.39,0.08892900120336944
Maruti Ciaz Zeta,Kochi,7,21.56,1462.0,103.25,9.18,0.08891041162227603
Maruti Ciaz Alpha,Kochi,7,21.56,1462.0,103.25,9.18,0.08891041162227603
Skoda Rapid 1.6 MPI AT Style,Mumbai,8,14.3,1598.0,103.52,9.19,0.08877511591962906
Maruti Vitara Brezza VDi Option,Delhi,8,24.3,1248.0,88.5,7.85,0.08870056497175141
Mahindra TUV 300 2015-2019 T8,Kochi,8,18.49,1493.0,100.0,8.87,0.08869999999999999
Tata Nexon 1.2 Revotron XZ Plus,Coimbatore,7,17.0,1198.0,108.5,9.62,0.08866359447004607
Hyundai Creta 1.6 VTVT E Plus,Bangalore,8,15.29,1591.0,121.3,10.75,0.08862324814509481
Renault Duster 110PS Diesel RxL AMT,Kochi,8,19.6,1461.0,108.45,9.6,0.08852005532503457
Volkswagen Vento 1.5 TDI Highline AT,Kochi,8,21.5,1498.0,108.5,9.6,0.08847926267281106
Honda City V MT,Kochi,7,16.8,1497.0,116.3,10.28,0.0883920894239037
Jeep Compass 2.0 Sport,Kolkata,8,17.1,1956.0,170.0,15.0,0.08823529411764706
Hyundai Grand i10 Asta Option AT,Coimbatore,8,18.9,1197.0,82.0,7.22,0.08804878048780487
Maruti Ertiga Paseo VXI,Mumbai,7,16.02,1373.0,93.7,8.25,0.08804695837780149
Honda Amaze V CVT Petrol,Pune,7,19.0,1199.0,88.76,7.8,0.0878774222622803
Maruti Baleno Delta CVT,Coimbatore,7,21.4,1197.0,83.1,7.29,0.08772563176895308
Maruti Ertiga VDI,Ahmedabad,8,25.47,1248.0,88.5,7.75,0.08757062146892655
Mahindra TUV 300 2015-2019 T8,Coimbatore,8,18.49,1493.0,100.0,8.75,0.0875
Hyundai i20 1.4 Sportz,Ahmedabad,7,22.54,1396.0,88.73,7.75,0.08734362673278485
Hyundai i20 Diesel Asta Option,Pune,7,22.54,1396.0,88.73,7.75,0.08734362673278485
Hyundai i20 Asta Option 1.2,Kochi,8,18.6,1197.0,81.83,7.14,0.08725406330196749
Maruti Baleno Zeta Automatic,Pune,8,21.4,1197.0,83.1,7.25,0.08724428399518652
Hyundai Creta 1.6 CRDi AT SX Plus,Kochi,8,17.01,1582.0,126.2,10.97,0.08692551505546751
Hyundai i20 1.2 Spotz,Kochi,8,18.6,1197.0,81.83,7.11,0.0868874495906147
Maruti Baleno Zeta Automatic,Kochi,8,21.4,1197.0,83.1,7.22,0.08688327316486162
Hyundai Verna CRDi 1.6 SX Option,Kolkata,7,22.0,1582.0,126.2,10.95,0.08676703645007923
Maruti Ertiga VDI,Delhi,8,25.47,1248.0,88.5,7.65,0.08644067796610169
Hyundai Grand i10 AT Asta,Coimbatore,8,18.9,1197.0,82.0,7.08,0.08634146341463415
Honda Amaze VX Diesel,Hyderabad,7,27.4,1498.0,98.6,8.5,0.08620689655172414
Honda City i VTEC V,Mumbai,7,17.8,1497.0,117.3,10.11,0.08618925831202046
Hyundai Elite i20 Diesel Asta Option,Kolkata,7,22.54,1396.0,88.76,7.65,0.08618747183415953
Tata Nano XTA,Coimbatore,8,21.9,624.0,37.48,3.23,0.08617929562433299
Maruti Baleno RS Petrol,Coimbatore,7,21.1,998.0,100.0,8.61,0.0861
Ford EcoSport 1.5 Ti VCT MT Signature,Chennai,7,18.88,1499.0,110.4,9.5,0.08605072463768115
Ford EcoSport 1.5 Petrol Titanium Plus AT,Coimbatore,7,14.8,1497.0,121.36,10.44,0.08602504943968359
Skoda Rapid 1.6 MPI AT Style Black Package,Mumbai,8,14.3,1598.0,103.52,8.9,0.08597372488408038
Honda City i-VTEC V,Kochi,7,17.4,1497.0,117.3,10.07,0.08584825234441604
Mahindra XUV500 W4 1.99 mHawk,Delhi,8,16.0,1997.0,140.0,12.0,0.08571428571428572
Ford EcoSport 1.5 TDCi Titanium,Kochi,8,22.77,1498.0,98.59,8.45,0.08570848970483821
Hyundai Grand i10 CRDi Sportz Celebration Edition,Kochi,7,24.0,1120.0,70.0,5.99,0.08557142857142858
Hyundai i20 Active 1.4 SX,Kochi,7,21.19,1396.0,88.73,7.59,0.08554040347120477
Ford EcoSport 1.5 Diesel Titanium,Delhi,8,23.0,1498.0,98.96,8.45,0.08538803556992725
Honda City i-VTEC VX,Ahmedabad,8,17.4,1497.0,117.3,10.0,0.08525149190110827
Honda Jazz 1.2 SV i VTEC,Kochi,7,18.7,1199.0,88.7,7.56,0.08523111612175872
Honda Jazz VX Diesel,Hyderabad,8,27.3,1498.0,98.6,8.4,0.08519269776876269
Tata Nexon 1.5 Revotorq XZ Plus Dual Tone,Kolkata,7,21.5,1497.0,108.5,9.22,0.08497695852534563
Hyundai i20 Asta Option 1.2,Hyderabad,8,18.6,1197.0,81.83,6.95,0.08493217646339973
Hyundai i20 1.2 Spotz,Chennai,8,18.6,1197.0,81.83,6.95,0.08493217646339973
Hyundai Grand i10 1.2 CRDi Sportz,Kochi,7,24.0,1186.0,73.97,6.28,0.08489928349330811
Mahindra TUV 300 2015-2019 mHAWK100 T8,Kochi,7,18.49,1493.0,100.0,8.48,0.0848
Hyundai Verna 1.6 CRDi SX,Coimbatore,8,23.9,1582.0,126.2,10.7,0.08478605388272582
Maruti Ciaz VDi,Jaipur,8,26.21,1248.0,88.5,7.5,0.0847457627118644
Skoda Rapid 1.6 MPI AT Style Plus,Mumbai,8,14.3,1598.0,103.52,8.75,0.08452472952086554
Hyundai Grand i10 AT Asta,Coimbatore,8,18.9,1197.0,82.0,6.93,0.08451219512195121
Volkswagen Polo 1.2 MPI Highline Plus,Hyderabad,8,16.2,1199.0,74.0,6.25,0.08445945945945946
Maruti Swift VDI,Kochi,8,28.4,1248.0,74.0,6.24,0.08432432432432432
Hyundai i20 Active SX Petrol,Jaipur,8,17.19,1197.0,81.86,6.9,0.0842902516491571
Maruti Baleno Zeta 1.2,Delhi,7,21.4,1197.0,83.1,7.0,0.08423586040914562
Fiat Avventura MULTIJET Emotion,Coimbatore,7,20.5,1248.0,91.72,7.71,0.08406018316615788
Hyundai Grand i10 Asta Option AT,Coimbatore,8,18.9,1197.0,82.0,6.89,0.08402439024390243
Mahindra Scorpio 1.99 S4 Plus,Kochi,8,15.4,1997.0,120.0,10.08,0.084
Maruti Celerio ZXI Optional AMT,Kochi,7,23.1,998.0,67.04,5.63,0.0839797136038186
Maruti Ciaz ZXi,Delhi,8,20.73,1373.0,91.1,7.65,0.08397365532381999
Ford Ecosport 1.5 DV5 MT Titanium Optional,Kochi,8,22.7,1498.0,89.84,7.54,0.08392698130008905
Mahindra XUV500 W7,Delhi,7,14.0,2179.0,155.0,13.0,0.08387096774193549
Maruti Swift LDI Optional,Kochi,7,25.2,1248.0,74.0,6.2,0.08378378378378379
Hyundai i20 1.2 Asta,Delhi,8,18.6,1197.0,81.83,6.85,0.08371013075889037
Mahindra TUV 300 2015-2019 mHAWK100 T8 AMT,Kochi,8,18.49,1493.0,100.0,8.37,0.0837
Maruti Ciaz VDI SHVS,Kochi,8,28.09,1248.0,88.5,7.4,0.08361581920903956
Hyundai Grand i10 1.2 Kappa Magna AT,Coimbatore,6,18.9,1197.0,81.86,6.84,0.08355729293916443
Renault KWID RXT Optional,Hyderabad,7,25.17,799.0,53.3,4.45,0.08348968105065667
Hyundai i20 Magna 1.4 CRDi (Diesel),Hyderabad,8,21.9,1396.0,88.76,7.4,0.08337088778729157
Maruti Swift Dzire VXi AT,Coimbatore,8,18.5,1197.0,83.14,6.93,0.08335337984123166
Mahindra Scorpio S10 AT 4WD,Pune,8,15.4,2179.0,120.0,10.0,0.08333333333333333
Maruti Baleno RS 1.0 Petrol,Kochi,7,21.1,998.0,100.0,8.32,0.0832
Tata Tiago AMT 1.2 Revotron XZA,Coimbatore,6,23.84,1199.0,83.83,6.97,0.08314445902421568
Volkswagen Polo 1.5 TDI Highline,Coimbatore,7,20.14,1498.0,88.8,7.38,0.0831081081081081
Maruti Omni 8 Seater BSIV,Hyderabad,8,14.0,796.0,35.0,2.9,0.08285714285714285
Maruti Omni 8 Seater BSIV,Hyderabad,8,14.0,796.0,35.0,2.9,0.08285714285714285
Tata Tiago 1.2 Revotron XZ,Coimbatore,6,23.84,1199.0,84.0,6.94,0.08261904761904762
Hyundai Grand i10 1.2 Kappa Magna AT,Kochi,7,18.9,1197.0,81.86,6.76,0.0825800146591742
Hyundai i20 Sportz 1.2,Chennai,8,18.6,1197.0,81.83,6.75,0.08248808505438103
Maruti Celerio ZXI,Kochi,7,23.1,998.0,67.04,5.53,0.08248806682577565
Ford EcoSport 1.5 Ti VCT AT Titanium,Kochi,7,15.63,1499.0,110.4,9.1,0.08242753623188405
Ford EcoSport 1.5 Petrol Titanium Plus AT,Pune,8,14.8,1497.0,121.36,9.99,0.08231707317073171
Hyundai i20 1.4 Asta,Chennai,8,22.54,1396.0,88.73,7.3,0.08227206130959089
Honda City i DTEC S,Coimbatore,8,26.0,1498.0,98.6,8.11,0.08225152129817444
Mahindra TUV 300 T8 AMT,Hyderabad,8,18.49,1493.0,100.0,8.2,0.08199999999999999
Maruti Ciaz VXi Plus,Kochi,8,20.73,1373.0,91.1,7.47,0.08199780461031833
Volkswagen Ameo 1.5 TDI Highline AT,Coimbatore,8,22.0,1498.0,108.495,8.89,0.0819392598737269
Maruti Baleno Zeta 1.2,Chennai,8,21.4,1197.0,83.1,6.8,0.08182912154031288
Ford EcoSport 1.5 Diesel Titanium Plus,Kochi,8,23.0,1498.0,98.96,8.09,0.08175020210185933
Tata Tigor 1.2 Revotron XTA,Ahmedabad,7,20.3,1199.0,84.0,6.85,0.08154761904761905
Maruti Baleno RS Petrol,Kochi,7,21.1,998.0,100.0,8.15,0.0815
Maruti Dzire LDI,Pune,8,28.4,1248.0,73.75,6.0,0.08135593220338982
Maruti Baleno Zeta 1.2,Delhi,8,21.4,1197.0,83.1,6.75,0.0812274368231047
Maruti Swift Dzire ZXI,Jaipur,8,20.85,1197.0,83.14,6.75,0.08118835698821265
Honda Jazz 1.5 VX i DTEC,Pune,8,27.3,1498.0,98.6,8.0,0.08113590263691683
Tata Bolt Quadrajet XM,Hyderabad,8,22.95,1248.0,74.0,6.0,0.08108108108108109
Volkswagen Polo 1.2 MPI Highline,Pune,8,16.2,1199.0,74.0,6.0,0.08108108108108109
Maruti Swift VDI,Pune,7,28.4,1248.0,74.0,6.0,0.08108108108108109
Maruti Swift VDI BSIV,Ahmedabad,8,25.2,1248.0,74.0,6.0,0.08108108108108109
Honda BRV i-VTEC V CVT,Mumbai,8,16.0,1497.0,117.3,9.5,0.08098891730605286
Honda BRV i-VTEC V CVT,Mumbai,8,16.0,1497.0,117.3,9.5,0.08098891730605286
Maruti Swift DDiS VDI,Jaipur,8,28.4,1248.0,74.0,5.99,0.08094594594594595
Honda Jazz 1.2 VX i VTEC,Coimbatore,8,18.7,1199.0,88.7,7.17,0.08083427282976324
Honda BRV i-VTEC V CVT,Kochi,8,16.0,1497.0,117.3,9.48,0.08081841432225065
Honda City i VTEC V,Coimbatore,8,17.4,1497.0,117.3,9.47,0.08073316283034954
Hyundai i20 Magna 1.2,Kochi,8,18.6,1197.0,81.83,6.59,0.08053281192716608
Renault KWID RXT Optional,Mumbai,7,25.17,799.0,53.3,4.29,0.08048780487804878
Hyundai Grand i10 1.2 CRDi Sportz,Chennai,7,24.0,1186.0,73.97,5.95,0.08043801541165338
Maruti Alto 800 2016-2019 VXI,Kochi,6,24.7,796.0,47.3,3.8,0.08033826638477802
Hyundai Grand i10 1.2 CRDi Sportz,Kochi,8,24.0,1186.0,73.97,5.92,0.0800324455860484
Maruti Dzire LDI,Pune,7,28.4,1248.0,73.75,5.9,0.08
Volkswagen Polo GT TSI,Coimbatore,8,17.21,1197.0,103.5,8.27,0.07990338164251207
Maruti Ciaz Alpha,Mumbai,8,21.56,1462.0,103.25,8.25,0.07990314769975787
Maruti Ignis 1.3 Zeta,Mumbai,8,26.8,1248.0,74.0,5.91,0.07986486486486487
Hyundai Xcent 1.2 CRDi S,Jaipur,7,25.4,1186.0,73.97,5.9,0.07976206570231176
Tata Tigor XE Diesel,Ahmedabad,8,24.7,1047.0,69.0,5.5,0.07971014492753623
Volkswagen Polo GT TSI,Mumbai,8,17.21,1197.0,103.5,8.25,0.07971014492753623
Honda Jazz 1.2 VX i VTEC,Kochi,8,18.7,1199.0,88.7,7.07,0.07970687711386697
Maruti Wagon R VXI,Kochi,6,22.5,998.0,67.04,5.34,0.07965393794749402
Hyundai i20 1.2 Magna Executive,Mumbai,7,18.6,1197.0,81.83,6.5,0.07943297079310767
Hyundai i20 2015-2017 Sportz 1.2,Pune,8,18.6,1197.0,81.83,6.5,0.07943297079310767
Hyundai i20 1.2 Asta,Jaipur,7,18.6,1197.0,81.83,6.5,0.07943297079310767
Maruti Baleno Zeta 1.2,Delhi,7,21.4,1197.0,83.1,6.6,0.07942238267148015
Maruti Ciaz Zeta,Mumbai,8,21.56,1462.0,103.25,8.2,0.07941888619854721
Hyundai Grand i10 1.2 Kappa Asta,Kolkata,6,18.9,1197.0,81.86,6.5,0.07940386024920597
Hyundai Grand i10 1.2 Kappa Asta,Delhi,7,18.9,1197.0,81.86,6.5,0.07940386024920597
Volkswagen Ameo 1.2 MPI Comfortline,Kochi,7,17.0,1198.0,73.75,5.84,0.0791864406779661
Maruti Baleno Sigma 1.2,Kochi,7,21.4,1197.0,83.1,6.57,0.07906137184115525
Tata Safari Storme 2012-2015 EX,Jaipur,8,14.0,2179.0,138.1,10.91,0.07900072411296162
Hyundai i20 Sportz 1.4 CRDi,Delhi,8,22.54,1396.0,88.73,7.0,0.07889101769412825
Honda BRV i-VTEC V CVT,Mumbai,8,16.0,1497.0,117.3,9.25,0.07885763000852515
Hyundai i20 1.2 Spotz,Mumbai,8,18.6,1197.0,81.83,6.45,0.078821947940853
Hyundai Grand i10 1.2 Kappa Sportz Option,Coimbatore,6,18.9,1197.0,81.86,6.44,0.0786709015392133
Honda City i DTec V,Coimbatore,8,26.0,1498.0,98.6,7.75,0.0786004056795132
Hyundai Grand i10 CRDi Sportz Celebration Edition,Kochi,8,24.0,1120.0,70.0,5.5,0.07857142857142857
Volkswagen Polo 1.5 TDI Highline,Chennai,8,20.14,1498.0,88.0,6.9,0.07840909090909091
Honda Jazz V CVT,Mumbai,8,19.0,1199.0,88.7,6.95,0.07835400225479143
Ford EcoSport 1.5 Ti VCT MT Titanium BE,Mumbai,8,18.88,1499.0,110.4,8.65,0.07835144927536232
Skoda Rapid 1.6 MPI AT Ambition,Mumbai,8,14.84,1598.0,103.52,8.11,0.07834234930448222
Ford Figo 2015-2019 1.2P Sports Edition MT,Mumbai,6,18.12,1196.0,86.8,6.8,0.07834101382488479
Ford Figo 2015-2019 1.2P Titanium MT,Hyderabad,7,18.16,1196.0,86.8,6.8,0.07834101382488479
Hyundai i20 1.4 Asta,Mumbai,8,22.54,1396.0,88.73,6.95,0.07832751042488448
Maruti Celerio ZXI AMT,Coimbatore,8,23.1,998.0,67.04,5.25,0.07831145584725537
Maruti Swift Dzire VXI,Kochi,7,20.85,1197.0,83.14,6.51,0.07830165985085398
Mahindra XUV500 W6 2WD,Kochi,8,16.0,2179.0,140.0,10.94,0.07814285714285714
Maruti Wagon R VXI AMT,Coimbatore,8,22.5,998.0,67.0,5.23,0.07805970149253733
Tata Hexa XT,Delhi,8,17.6,2179.0,153.86,12.0,0.07799298063174313
Maruti Swift VXI,Kochi,6,22.0,1197.0,81.8,6.37,0.07787286063569683
Maruti Ignis 1.2 Alpha,Mumbai,8,20.89,1197.0,81.8,6.36,0.07775061124694377
Hyundai Grand i10 1.2 CRDi Sportz Option,Jaipur,8,24.0,1186.0,73.97,5.75,0.07773421657428688
Ford EcoSport 1.5 Diesel Trend,Kochi,8,23.0,1498.0,98.96,7.69,0.07770816491511723
Maruti Ertiga VXI AT Petrol,Mumbai,8,18.69,1462.0,103.0,8.0,0.07766990291262135
Hyundai i20 1.2 Asta Option,Kolkata,7,18.6,1197.0,81.83,6.35,0.07759990223634364
Maruti Celerio VXI,Kochi,8,23.1,998.0,67.04,5.2,0.07756563245823389
Ford Freestyle Titanium Plus Petrol,Kolkata,7,19.0,1194.0,94.68,7.34,0.07752429235318968
Volkswagen Ameo 1.2 MPI Trendline,Kochi,7,17.0,1198.0,73.75,5.71,0.07742372881355933
Hyundai Grand i10 Asta,Coimbatore,7,18.9,1197.0,82.0,6.34,0.0773170731707317
Maruti Wagon R AMT VXI,Kochi,7,20.51,998.0,67.0,5.18,0.07731343283582089
Honda Amaze V Petrol,Jaipur,7,19.5,1199.0,86.76,6.7,0.07722452743199631
Ford Figo Aspire 1.2 Ti-VCT Titanium,Kochi,7,18.16,1196.0,86.8,6.7,0.0771889400921659
Ford Figo Aspire 1.2 Ti-VCT Trend,Coimbatore,8,18.16,1196.0,86.8,6.7,0.0771889400921659
Nissan Micra XV CVT,Coimbatore,8,19.15,1198.0,75.94,5.85,0.07703450092178035
Hyundai Elite i20 Sportz Plus,Kochi,8,18.6,1197.0,81.86,6.28,0.07671634497923284
Honda Jazz V,Kochi,8,18.2,1199.0,88.7,6.8,0.07666290868094701
Maruti Baleno Delta,Kochi,8,21.4,1197.0,83.1,6.37,0.07665463297232251
Hyundai EON Magna Plus,Kochi,6,21.1,814.0,55.2,4.23,0.0766304347826087
Hyundai i20 1.2 Magna Executive,Kochi,6,18.6,1197.0,81.83,6.27,0.07662226567273615
Hyundai i20 1.2 Magna Executive,Kochi,7,18.6,1197.0,81.83,6.27,0.07662226567273615
Maruti Wagon R ZXI AMT 1.2,Mumbai,6,21.5,1197.0,81.8,6.25,0.07640586797066015
Hyundai i20 1.2 Magna Executive,Jaipur,8,18.6,1197.0,81.83,6.25,0.07637785653183429
Ford Freestyle Titanium Plus Petrol,Jaipur,7,19.0,1194.0,94.68,7.23,0.07636248415716096
Maruti Celerio ZXI MT,Kochi,8,23.1,998.0,67.04,5.11,0.07622315035799522
Mahindra KUV 100 G80 K8,Jaipur,7,18.15,1198.0,82.0,6.25,0.07621951219512195
Maruti Alto 800 2016-2019 VXI,Mumbai,6,24.7,796.0,47.3,3.6,0.07610993657505286
Honda Jazz 1.2 SV i VTEC,Chennai,8,18.7,1199.0,88.7,6.75,0.07609921082299886
Hyundai i20 1.2 Spotz,Mumbai,8,18.6,1197.0,81.83,6.22,0.07601124282048148
Ford EcoSport 1.5 Petrol Titanium,Pune,7,17.0,1497.0,121.36,9.2,0.07580751483190507
Maruti Swift VXI Optional,Ahmedabad,8,20.4,1197.0,81.8,6.2,0.07579462102689487
Hyundai Grand i10 1.2 Kappa Magna AT,Bangalore,7,18.9,1197.0,81.86,6.2,0.07573906669924262
Volkswagen Polo 1.0 MPI Trendline,Hyderabad,6,18.78,999.0,75.0,5.68,0.07573333333333333
Hyundai Xcent 1.2 Kappa S,Kochi,8,19.1,1197.0,82.0,6.21,0.07573170731707317
Mahindra KUV 100 mFALCON D75 K6,Kochi,8,25.32,1198.0,77.0,5.83,0.07571428571428572
Mahindra TUV 300 2015-2019 T8,Coimbatore,8,18.49,1493.0,100.0,7.57,0.0757
Mahindra NuvoSport N8,Coimbatore,8,17.45,1493.0,100.0,7.57,0.0757
Maruti Swift Dzire LDI,Hyderabad,8,23.4,1248.0,74.0,5.6,0.07567567567567567
Hyundai Grand i10 Sportz,Coimbatore,8,18.9,1197.0,82.0,6.19,0.07548780487804879
Ford Ecosport 1.5 Ti VCT MT Titanium,Mumbai,8,15.8,1499.0,110.0,8.3,0.07545454545454545
Tata Zest Quadrajet 1.3 XT,Coimbatore,7,20.65,1248.0,88.7,6.69,0.07542277339346111
Hyundai Grand i10 1.2 Kappa Sportz,Kochi,6,18.9,1197.0,81.86,6.17,0.07537258734424628
Maruti Swift Dzire ZXI,Chennai,8,20.85,1197.0,83.14,6.25,0.07517440461871541
Hyundai Verna 1.6 CRDI AT SX Option,Coimbatore,8,19.08,1582.0,126.2,9.48,0.0751188589540412
Volkswagen Polo GT TSI,Mumbai,8,17.21,1197.0,103.5,7.75,0.0748792270531401
Ford EcoSport 1.5 Ti VCT MT Titanium BE,Mumbai,8,18.88,1499.0,110.4,8.25,0.07472826086956522
Ford Figo 2015-2019 1.2P Titanium Opt MT,Coimbatore,8,18.16,1196.0,86.8,6.48,0.07465437788018434
Maruti Baleno Delta Automatic,Delhi,8,21.4,1197.0,83.1,6.2,0.07460890493381468
Maruti Celerio VXI Optional AMT,Pune,8,23.1,998.0,67.04,5.0,0.07458233890214797
Renault KWID Climber 1.0 AMT,Coimbatore,7,22.5,999.0,67.0,4.99,0.0744776119402985
Hyundai Verna 1.6 VTVT AT SX,Kochi,7,17.01,1591.0,121.3,9.03,0.07444352844187964
Maruti Celerio ZXI Optional,Hyderabad,8,23.1,998.0,67.04,4.99,0.07443317422434367
Hyundai Grand i10 CRDi Sportz,Coimbatore,8,24.0,1120.0,70.0,5.21,0.07442857142857143
Ford Figo Aspire 1.2 Ti-VCT Titanium,Kochi,7,18.16,1196.0,86.8,6.46,0.07442396313364055
Volkswagen Ameo 1.2 MPI Anniversary Edition,Pune,7,17.0,1198.0,74.0,5.5,0.07432432432432433
Maruti Swift Dzire Tour LDI,Pune,7,23.4,1248.0,74.0,5.5,0.07432432432432433
Volkswagen Ameo 1.2 MPI Comfortline,Pune,8,17.0,1198.0,73.75,5.48,0.07430508474576272
Hyundai Grand i10 1.2 Kappa Asta,Coimbatore,8,18.9,1197.0,81.86,6.08,0.07427314927925727
Hyundai Xcent 1.2 CRDi E Plus,Jaipur,8,25.4,1186.0,73.97,5.49,0.07421927808571042
Maruti Alto 800 LXI,Kochi,8,22.74,796.0,47.3,3.51,0.07420718816067653
Hyundai Grand i10 1.2 Kappa Sportz,Kochi,7,18.9,1197.0,81.86,6.07,0.0741509894942585
Maruti Ignis 1.2 Delta,Coimbatore,6,20.89,1197.0,81.8,6.06,0.07408312958435208
Maruti Alto 800 2016-2019 LXI Optional,Jaipur,6,24.7,796.0,47.3,3.5,0.07399577167019028
Ford Figo 2015-2019 1.2P Titanium Opt MT,Coimbatore,8,18.16,1196.0,86.8,6.42,0.073963133640553
Volkswagen Vento 1.6 Comfortline,Kochi,7,16.09,1598.0,103.5,7.64,0.07381642512077294
Hyundai Xcent 1.2 Kappa SX,Kochi,8,19.1,1197.0,82.0,6.05,0.07378048780487804
Hyundai Grand i10 1.2 Kappa Sportz,Kochi,7,18.9,1197.0,81.86,6.03,0.07366235035426338
Hyundai Grand i10 Sportz,Coimbatore,8,18.9,1197.0,82.0,6.04,0.07365853658536585
Ford Aspire Titanium Diesel,Coimbatore,8,26.1,1498.0,99.0,7.29,0.07363636363636364
Mahindra TUV 300 2015-2019 T8,Coimbatore,8,18.49,1493.0,100.0,7.36,0.0736
Hyundai EON Era Plus,Kochi,7,21.1,814.0,55.2,4.06,0.07355072463768114
Maruti Vitara Brezza VDi,Kolkata,8,24.3,1248.0,88.5,6.5,0.07344632768361582
Hyundai Grand i10 Sportz,Coimbatore,8,18.9,1197.0,82.0,6.02,0.07341463414634146
Hyundai i20 1.2 Magna Executive,Delhi,8,18.6,1197.0,81.83,6.0,0.07332274227056092
Volkswagen Ameo 1.2 MPI Comfortline,Mumbai,8,17.0,1198.0,73.75,5.4,0.07322033898305086
Hyundai Grand i10 1.2 Kappa Asta,Hyderabad,8,18.9,1197.0,81.86,5.99,0.07317371121426827
Maruti Celerio VXI,Hyderabad,8,23.1,998.0,67.04,4.9,0.07309069212410502
Tata Safari Storme VX Varicor 400,Jaipur,8,14.1,2179.0,154.0,11.25,0.07305194805194805
Hyundai Grand i10 1.2 Kappa Asta,Hyderabad,8,18.9,1197.0,81.86,5.98,0.07305155142926949
Hyundai Grand i10 Asta Option AT,Kochi,8,18.9,1197.0,82.0,5.99,0.07304878048780489
Mahindra NuvoSport N6,Coimbatore,7,17.45,1493.0,100.0,7.29,0.0729
Maruti Swift VXI BSIV,Coimbatore,8,20.4,1197.0,81.8,5.95,0.07273838630806846
Volkswagen Ameo 1.5 TDI Highline,Kochi,7,21.66,1498.0,108.62,7.9,0.07273062051187626
Hyundai i20 1.2 Spotz,Mumbai,8,18.6,1197.0,81.83,5.95,0.07271171941830624
Mahindra KUV 100 mFALCON D75 K8 Dual Tone,Coimbatore,8,25.32,1198.0,77.0,5.58,0.07246753246753247
Honda City i-VTEC V,Mumbai,8,17.4,1497.0,117.3,8.5,0.07246376811594203
Tata Tiago Wizz 1.05 Revotorq,Hyderabad,8,27.28,1047.0,69.0,5.0,0.07246376811594203
Honda BR-V i-VTEC S MT,Pune,8,15.4,1497.0,117.3,8.5,0.07246376811594203
Ford EcoSport 1.5 Petrol Titanium,Hyderabad,8,17.0,1497.0,121.36,8.75,0.0720995385629532
Toyota Etios V,Kochi,8,16.78,1496.0,88.73,6.37,0.07179082610165671
Hyundai Verna VTVT 1.6 SX,Kolkata,7,17.0,1591.0,121.3,8.7,0.0717230008244023
Hyundai Grand i10 1.2 Kappa Sportz,Coimbatore,8,18.9,1197.0,81.86,5.87,0.07170779379428292
Hyundai i20 1.4 Sportz,Kochi,7,22.54,1396.0,88.73,6.36,0.07167812464780796
Renault KWID Climber 1.0 MT,Hyderabad,7,21.7,999.0,67.0,4.8,0.07164179104477612
Maruti Swift VXI Optional,Kochi,8,20.4,1197.0,81.8,5.86,0.07163814180929096
Hyundai i20 Magna 1.2,Mumbai,7,18.6,1197.0,81.83,5.85,0.07148967371379689
Hyundai Grand i10 1.2 Kappa Sportz,Jaipur,7,18.9,1197.0,81.86,5.85,0.07146347422428537
Renault KWID RXL,Kochi,6,25.17,799.0,53.3,3.8,0.07129455909943715
Mahindra KUV 100 mFALCON G80 K8,Kochi,8,18.15,1198.0,82.0,5.84,0.07121951219512195
Hyundai Grand i10 Sportz,Coimbatore,8,18.9,1197.0,82.0,5.84,0.07121951219512195
Tata Zest Quadrajet 1.3 75PS XE,Pune,7,22.95,1248.0,74.0,5.25,0.07094594594594594
Tata Bolt Quadrajet XE,Hyderabad,8,22.95,1248.0,74.0,5.25,0.07094594594594594
Maruti Alto 800 2016-2019 LXI,Mumbai,7,24.7,796.0,47.3,3.35,0.07082452431289642
Honda Amaze E i-Vtech,Kochi,8,18.0,1198.0,86.7,6.14,0.07081891580161476
Hyundai Grand i10 Sportz,Kochi,7,18.9,1197.0,82.0,5.8,0.07073170731707316
Honda City i VTEC CVT SV,Kochi,8,18.0,1497.0,117.3,8.29,0.07067348678601874
Maruti Swift VXI Optional,Kochi,8,20.4,1197.0,81.8,5.75,0.07029339853300734
Hyundai i20 Sportz 1.2,Mumbai,8,18.6,1197.0,81.83,5.75,0.07026762800928756
Hyundai Grand i10 1.2 Kappa Sportz,Delhi,7,18.9,1197.0,81.86,5.75,0.07024187637429759
Maruti Celerio VXI AT Optional,Pune,8,23.1,998.0,67.04,4.7,0.07010739856801909
Maruti Wagon R VXI BS IV,Hyderabad,7,18.9,998.0,67.1,4.7,0.0700447093889717
Tata Tiago 1.2 Revotron XZ,Coimbatore,7,23.84,1199.0,84.0,5.88,0.06999999999999999
Maruti Baleno RS 1.0 Petrol,Mumbai,8,21.1,998.0,100.0,6.99,0.0699
Maruti Alto 800 2016-2019 VXI,Hyderabad,8,24.7,796.0,47.3,3.3,0.06976744186046512
Maruti Ignis 1.2 Alpha,Mumbai,8,20.89,1197.0,81.8,5.7,0.06968215158924206
Tata Tiago 1.2 Revotron XT Option,Coimbatore,6,23.84,1199.0,84.0,5.85,0.06964285714285715
Renault KWID RXT,Kochi,8,25.17,799.0,53.3,3.71,0.06960600375234521
Honda Jazz 1.2 E i VTEC,Kochi,7,18.7,1199.0,88.7,6.17,0.06956031567080045
Maruti Baleno RS 1.0 Petrol,Chennai,8,21.1,998.0,100.0,6.95,0.0695
Renault KWID RXT Optional,Kochi,8,25.17,799.0,53.3,3.7,0.06941838649155722
Hyundai Verna 1.6 SX VTVT (O),Kochi,8,17.1,1591.0,121.3,8.42,0.06941467436108821
Maruti Alto 800 LXI,Kochi,8,22.74,796.0,47.3,3.28,0.0693446088794926
Tata Indigo GLE,Hyderabad,8,14.4,1396.0,65.0,4.5,0.06923076923076923
Honda Jazz 1.2 SV i VTEC,Kochi,8,18.7,1199.0,88.7,6.14,0.06922209695603156
Hyundai Grand i10 1.2 Kappa Asta,Kochi,8,18.9,1197.0,81.86,5.66,0.06914243830930858
Honda Brio 1.2 VX AT,Mumbai,8,16.5,1198.0,86.8,5.99,0.06900921658986175
Ford EcoSport 1.0 Ecoboost Titanium Plus,Mumbai,8,18.88,999.0,123.24,8.5,0.06897111327491075
Hyundai Grand i10 Asta,Coimbatore,8,18.9,1197.0,82.0,5.64,0.06878048780487804
Volkswagen Vento 1.6 Comfortline,Mumbai,8,16.09,1598.0,103.5,7.1,0.06859903381642511
Hyundai Verna 1.6 CRDi SX,Kolkata,8,23.9,1582.0,126.2,8.65,0.06854199683042789
Hyundai Grand i10 1.2 Kappa Sportz Option,Jaipur,8,18.9,1197.0,81.86,5.6,0.0684094795993159
Mahindra KUV 100 mFALCON G80 K2,Coimbatore,8,18.15,1198.0,82.0,5.6,0.06829268292682926
Maruti Baleno Sigma 1.2,Mumbai,8,21.4,1197.0,83.1,5.65,0.06799037304452468
Maruti Alto K10 VXI AGS,Coimbatore,7,24.07,998.0,67.1,4.56,0.06795827123695976
Hyundai EON Sportz,Jaipur,8,21.1,814.0,55.2,3.75,0.06793478260869565
Hyundai Grand i10 CRDi Era,Mumbai,8,24.0,1120.0,70.0,4.75,0.06785714285714285
Hyundai Grand i10 1.2 Kappa Sportz,Mumbai,7,18.9,1197.0,81.86,5.55,0.06779868067432201
Honda Mobilio S i DTEC,Coimbatore,8,24.2,1498.0,98.6,6.68,0.06774847870182556
Tata Zest Quadrajet 1.3 75PS XM,Pune,8,22.95,1248.0,74.0,5.0,0.06756756756756757
Hyundai Grand i10 1.2 Kappa Magna,Kochi,7,18.9,1197.0,81.86,5.53,0.06755436110432446
Ford Figo 2015-2019 1.2P Titanium MT,Coimbatore,8,18.16,1196.0,86.8,5.84,0.06728110599078341
Maruti Dzire AMT VXI,Chennai,8,22.0,1197.0,81.8,5.5,0.06723716381418093
Maruti Ignis 1.2 Delta,Kochi,6,20.89,1197.0,81.8,5.5,0.06723716381418093
Hyundai Grand i10 SportZ Edition,Kochi,7,18.9,1197.0,81.86,5.5,0.06718788174932812
Renault KWID Climber 1.0 AMT,Chennai,7,22.5,999.0,67.0,4.5,0.06716417910447761
Renault KWID 1.0 RXT Optional,Kochi,7,21.7,999.0,67.0,4.5,0.06716417910447761
Maruti Wagon R VXI Plus,Kolkata,7,20.51,998.0,67.04,4.5,0.06712410501193317
Maruti Wagon R VXI,Jaipur,8,22.5,998.0,67.04,4.5,0.06712410501193317
Datsun redi-GO T Option,Kochi,7,22.7,799.0,53.64,3.6,0.06711409395973154
Honda City i VTEC V,Kochi,8,17.8,1497.0,117.3,7.87,0.06709292412617221
Mahindra KUV 100 G80 K8 Dual Tone,Delhi,7,18.15,1198.0,82.0,5.5,0.06707317073170732
Volkswagen Polo 1.2 MPI Comfortline,Mumbai,8,16.2,1199.0,74.0,4.95,0.06689189189189189
Hyundai EON Era Plus,Kochi,7,21.1,814.0,55.2,3.69,0.06684782608695651
Chevrolet Cruze LTZ,Coimbatore,7,18.3,1991.0,147.9,9.87,0.06673427991886409
Maruti Swift VXI Optional,Kochi,8,20.4,1197.0,81.8,5.44,0.0665036674816626
Maruti Wagon R VXI AMT,Mumbai,7,22.5,998.0,67.0,4.45,0.0664179104477612
Hyundai Grand i10 1.2 CRDi Magna,Kolkata,8,24.0,1186.0,73.97,4.9,0.06624307151547926
Hyundai EON Sportz,Hyderabad,8,21.1,814.0,55.2,3.65,0.06612318840579709
Tata Zest Quadrajet 1.3 XT,Bangalore,8,20.65,1248.0,88.7,5.85,0.06595264937993235
Hyundai Verna 1.6 SX VTVT,Kochi,8,17.01,1591.0,121.3,7.99,0.06586974443528443
Hyundai Grand i10 Sportz,Ahmedabad,8,18.9,1197.0,82.0,5.4,0.06585365853658537
Renault KWID 1.0 RXT Optional AMT,Kochi,8,22.5,999.0,67.0,4.41,0.06582089552238807
Hyundai Verna 1.6 SX CRDI (O) AT,Coimbatore,6,22.32,1582.0,126.32,8.31,0.06578530715642812
Maruti Alto 800 VXI,Pune,8,22.74,796.0,47.3,3.11,0.06575052854122622
Hyundai Grand i10 CRDi Magna,Kolkata,8,24.0,1120.0,70.0,4.6,0.06571428571428571
Renault KWID RXT,Mumbai,8,25.17,799.0,53.3,3.5,0.06566604127579738
Renault KWID RXT Optional,Pune,7,25.17,799.0,53.3,3.5,0.06566604127579738
Honda City i-VTEC CVT VX,Jaipur,8,18.0,1497.0,117.3,7.7,0.06564364876385337
Maruti Alto 800 LXI,Jaipur,8,22.74,796.0,47.3,3.1,0.06553911205073996
Honda City i VTEC SV,Kochi,8,17.8,1497.0,117.3,7.68,0.06547314578005115
Hyundai EON Sportz,Kochi,8,21.1,814.0,55.2,3.61,0.06539855072463767
Hyundai EON 1.0 Magna Plus Option O,Kochi,8,20.3,998.0,68.05,4.45,0.06539309331373991
Mahindra NuvoSport N6,Chennai,8,17.45,1493.0,100.0,6.5,0.065
Hyundai Verna 1.6 VTVT,Kochi,8,17.01,1591.0,121.3,7.88,0.06496290189612532
Maruti Eeco 7 Seater Standard,Coimbatore,8,15.1,1196.0,73.0,4.74,0.06493150684931508
Maruti Wagon R AMT VXI,Jaipur,8,20.51,998.0,67.0,4.35,0.06492537313432835
Renault KWID RXL,Kochi,8,25.17,799.0,53.3,3.46,0.06491557223264541
Ford Ecosport 1.0 Ecoboost Platinum Edition,Mumbai,8,18.88,999.0,123.24,8.0,0.06491398896462187
Datsun redi-GO T Option,Kochi,7,22.7,799.0,53.64,3.48,0.06487695749440715
Ford Figo 2015-2019 1.5D Titanium MT,Coimbatore,8,25.83,1498.0,99.0,6.41,0.06474747474747475
Maruti Swift VXi BSIV,Pune,8,16.1,1197.0,85.0,5.5,0.06470588235294118
Maruti Swift VXI Optional,Kochi,8,20.4,1197.0,81.8,5.27,0.06442542787286064
Maruti Swift Dzire Tour LDI,Kolkata,8,23.4,1248.0,74.0,4.75,0.06418918918918919
Maruti Swift VXI BSIII W/ ABS,Kochi,7,16.1,1298.0,88.2,5.65,0.06405895691609978
Honda City i VTEC SV,Kochi,8,17.8,1497.0,117.3,7.51,0.0640238704177323
Honda Amaze VX i-DTEC,Hyderabad,8,25.8,1498.0,98.6,6.3,0.06389452332657201
Renault KWID 1.0 RXT Optional AMT,Coimbatore,8,22.5,999.0,67.0,4.28,0.06388059701492538
Renault KWID RXL,Pune,7,25.17,799.0,53.3,3.4,0.06378986866791746
Honda Amaze S i-VTEC,Kochi,8,17.8,1198.0,86.7,5.53,0.06378316032295271
Tata Indica V2 eLX,Pune,8,25.0,1396.0,69.0,4.4,0.063768115942029
Volkswagen Ameo 1.2 MPI Comfortline,Ahmedabad,8,17.0,1198.0,73.75,4.7,0.06372881355932204
Ford Ecosport 1.0 Ecoboost Platinum Edition,Mumbai,8,18.88,999.0,123.24,7.85,0.06369685167153522
Renault KWID Climber 1.0 MT,Delhi,8,21.7,999.0,67.0,4.25,0.06343283582089553
Hyundai EON Era Plus,Jaipur,8,21.1,814.0,55.2,3.5,0.06340579710144927
Hyundai EON Magna Plus,Jaipur,8,21.1,814.0,55.2,3.5,0.06340579710144927
Hyundai Xcent 1.1 CRDi Base,Pune,8,24.4,1120.0,71.0,4.5,0.06338028169014084
Maruti Alto K10 VXI AGS,Chennai,8,24.07,998.0,67.1,4.25,0.06333830104321908
Hyundai Grand i10 Asta Option,Mumbai,8,18.9,1197.0,82.0,5.15,0.06280487804878049
Hyundai i10 Magna 1.1 iTech SE,Kochi,8,19.81,1086.0,68.05,4.27,0.06274797942689199
Hyundai Xcent 1.2 Kappa S Option,Jaipur,8,19.1,1197.0,81.86,5.12,0.06254580991937454
Honda Mobilio S i VTEC,Kochi,7,17.3,1497.0,117.3,7.32,0.06240409207161126
Hyundai Grand i10 Sportz,Kolkata,7,18.9,1197.0,82.0,5.1,0.062195121951219505
Ford Figo 2015-2019 1.2P Titanium MT,Kochi,8,18.16,1196.0,86.8,5.38,0.0619815668202765
Hyundai EON Era Plus,Jaipur,8,21.1,814.0,55.2,3.42,0.06195652173913043
Renault KWID RXT,Kochi,8,25.17,799.0,53.3,3.3,0.06191369606003752
Datsun redi-GO T Option,Coimbatore,8,22.7,799.0,53.64,3.31,0.06170768083519761
Hyundai Verna 1.6 SX CRDI (O) AT,Bangalore,7,22.32,1582.0,126.32,7.75,0.06135212159594681
Maruti Alto 800 2016-2019 LXI,Kolkata,7,24.7,796.0,47.3,2.9,0.0613107822410148
Honda Jazz 1.2 V CVT i VTEC,Coimbatore,8,19.0,1199.0,88.7,5.43,0.06121758737316798
Hyundai Xcent 1.2 VTVT E Plus,Pune,7,20.14,1197.0,81.86,5.0,0.0610798924993892
Hyundai Xcent 1.2 VTVT E,Pune,7,20.14,1197.0,81.86,5.0,0.0610798924993892
Hyundai Grand i10 1.2 Kappa Magna,Kolkata,8,18.9,1197.0,81.86,5.0,0.0610798924993892
Hyundai Grand i10 1.2 Kappa Magna,Delhi,8,18.9,1197.0,81.86,5.0,0.0610798924993892
Mahindra KUV 100 mFALCON D75 K4 Plus 5str,Kolkata,8,25.32,1198.0,77.0,4.7,0.06103896103896104
Ford EcoSport 1.5 TDCi Ambiente,Kolkata,8,22.77,1498.0,98.59,6.0,0.06085809919870169
Tata Tiago 1.2 Revotron XT,Kochi,8,23.84,1199.0,84.0,5.11,0.060833333333333336
Maruti Eeco Smiles 5 Seater AC,Coimbatore,8,15.1,1196.0,73.0,4.44,0.06082191780821918
Ford Aspire Titanium Diesel,Kolkata,8,26.1,1498.0,99.0,6.0,0.06060606060606061
Volkswagen Ameo 1.5 TDI Comfortline AT,Jaipur,8,22.0,1498.0,108.495,6.5,0.059910594958293005
Hyundai Grand i10 1.2 Kappa Magna,Delhi,8,18.9,1197.0,81.86,4.9,0.05985829464940142
ISUZU D-MAX V-Cross 4X4,Jaipur,8,12.4,2499.0,134.0,8.0,0.05970149253731343
Nissan Micra Active XV,Pune,7,19.69,1198.0,67.04,4.0,0.059665871121718374
Tata Tiago AMT 1.2 Revotron XZA,Pune,7,23.84,1199.0,83.83,5.0,0.059644518668734346
Maruti Alto K10 VXI AGS,Ahmedabad,8,24.07,998.0,67.1,4.0,0.05961251862891208
Maruti Grand Vitara 2.4 MT,Kochi,7,10.4,2393.0,163.5,9.74,0.059571865443425076
Tata Tiago 1.2 Revotron XZ WO Alloy,Hyderabad,8,23.84,1199.0,84.0,5.0,0.05952380952380952
Volkswagen Ameo 1.5 TDI Highline,Mumbai,8,21.66,1498.0,108.62,6.45,0.05938132940526607
Hyundai i10 Magna 1.1,Kochi,8,19.81,1086.0,68.05,4.04,0.059368111682586336
Mahindra KUV 100 mFALCON G80 K6 5str AW,Delhi,8,18.15,1198.0,82.0,4.85,0.05914634146341463
Datsun GO Plus T Petrol,Pune,8,19.83,1198.0,67.0,3.95,0.05895522388059702
Maruti Wagon R VXI AMT,Kolkata,8,22.5,998.0,67.0,3.95,0.05895522388059702
Tata Tigor 1.2 Revotron XT,Mumbai,7,20.3,1199.0,84.0,4.95,0.05892857142857143
Maruti Alto K10 VXI AGS,Hyderabad,8,24.07,998.0,67.1,3.95,0.05886736214605068
Hyundai Grand i10 1.2 Kappa Magna,Kolkata,7,18.9,1197.0,81.86,4.8,0.058636696799413635
Hyundai Grand i10 Sportz,Mumbai,8,18.9,1197.0,82.0,4.8,0.058536585365853655
Datsun Redi GO Sport,Bangalore,8,22.7,799.0,53.0,3.1,0.05849056603773585
Mahindra KUV 100 mFALCON D75 K4 Plus,Kochi,8,25.32,1198.0,77.0,4.49,0.058311688311688314
Hyundai Grand i10 1.2 Kappa Magna,Kochi,7,18.9,1197.0,81.86,4.77,0.058270217444417294
Hyundai EON Era,Kochi,8,21.1,814.0,55.2,3.21,0.058152173913043476
Maruti Alto 800 LXI,Kolkata,8,22.74,796.0,47.3,2.75,0.058139534883720936
Maruti Alto K10 VXI AGS,Jaipur,8,24.07,998.0,67.1,3.9,0.05812220566318927
Hyundai Grand i10 1.2 Kappa Magna,Delhi,8,18.9,1197.0,81.86,4.75,0.058025897874419745
Hyundai Grand i10 1.2 Kappa Sportz Option,Pune,8,18.9,1197.0,81.86,4.75,0.058025897874419745
Maruti Swift Dzire LDI,Pune,8,26.59,1248.0,74.0,4.25,0.057432432432432436
Maruti Wagon R VXI,Jaipur,8,22.5,998.0,67.04,3.85,0.05742840095465394
Tata Tiago 1.2 Revotron XZ,Hyderabad,8,23.84,1199.0,84.0,4.8,0.05714285714285714
Ford Aspire Ambiente Diesel,Kolkata,7,26.1,1498.0,99.0,5.65,0.05707070707070708
Ford Figo 2015-2019 1.2P Trend MT,Coimbatore,8,18.16,1196.0,86.8,4.95,0.057027649769585256
Maruti Swift VXI BSIV,Kolkata,8,20.4,1197.0,81.8,4.65,0.056845965770171154
Hyundai Xcent 1.2 CRDi S,Kolkata,8,25.4,1186.0,73.97,4.2,0.056779775584696504
Renault KWID RXT,Pune,8,25.17,799.0,53.3,3.0,0.056285178236397754
Renault KWID RXT,Kolkata,8,25.17,799.0,53.3,2.99,0.056097560975609764
Maruti Celerio LXI MT,Kolkata,7,23.1,998.0,67.04,3.75,0.055936754176610974
Maruti Alto K10 VXI,Pune,8,24.07,998.0,67.1,3.75,0.05588673621460507
Maruti Grand Vitara 2.4 MT,Mumbai,8,10.4,2393.0,163.5,9.0,0.05504587155963303
Mahindra KUV 100 G80 K6 Plus 5Str,Kolkata,8,18.15,1198.0,82.0,4.5,0.054878048780487805
Hyundai Grand i10 Sportz,Jaipur,8,18.9,1197.0,82.0,4.5,0.054878048780487805
Tata Xenon XT EX 4X2,Jaipur,8,13.49,2179.0,138.03,7.5,0.05433601391001956
Maruti Baleno Delta 1.2,Jaipur,8,21.4,1197.0,83.1,4.5,0.05415162454873647
Tata Zest Revotron 1.2T XE,Kolkata,8,17.57,1193.0,88.7,4.8,0.05411499436302142
Maruti Alto K10 VXI,Kochi,7,24.07,998.0,67.1,3.63,0.054098360655737705
Ford Figo 2015-2019 1.5P Titanium AT,Mumbai,8,17.01,1499.0,110.4,5.95,0.05389492753623188
Renault KWID 1.0 RXL,Jaipur,8,23.01,999.0,67.0,3.6,0.05373134328358209
Maruti Alto K10 VXI,Kolkata,7,24.07,998.0,67.1,3.6,0.05365126676602087
Maruti Eeco 5 Seater AC,Coimbatore,8,15.1,1196.0,73.0,3.91,0.05356164383561644
Toyota Fortuner 3.0 Diesel,Kolkata,6,11.5,2982.0,171.0,8.99,0.05257309941520468
Tata Zest Revotron 1.2T XM,Kochi,8,17.57,1193.0,88.7,4.65,0.052423900789177004
Hyundai i10 Magna 1.2,Kochi,8,20.36,1197.0,78.9,4.07,0.05158428390367554
Tata Zest Revotron 1.2T XE,Delhi,8,17.57,1193.0,88.7,4.5,0.05073280721533258
Tata Zest Revotron 1.2T XE,Pune,8,17.57,1193.0,88.7,4.5,0.05073280721533258
Tata Zest Quadrajet 1.3 75PS XE,Kolkata,8,22.95,1248.0,74.0,3.75,0.05067567567567568
Tata Zest Quadrajet 1.3 75PS XE,Pune,8,22.95,1248.0,74.0,3.75,0.05067567567567568
Honda Amaze S i-Vtech,Mumbai,8,18.0,1198.0,86.7,4.25,0.049019607843137254
Honda Amaze S i-Vtech,Mumbai,8,18.0,1198.0,86.7,4.25,0.049019607843137254
Hyundai Xcent 1.1 CRDi Base,Kolkata,8,24.4,1120.0,71.0,3.45,0.04859154929577465
Renault KWID 1.0 RXT Optional,Jaipur,8,21.7,999.0,67.0,3.25,0.048507462686567165
Renault KWID AMT RXL,Ahmedabad,8,24.04,999.0,67.0,3.25,0.048507462686567165
Maruti Alto K10 VXI,Mumbai,8,24.07,998.0,67.1,3.25,0.048435171385991065
Hyundai Xcent 1.2 CRDi E Plus,Mumbai,8,25.4,1186.0,73.97,3.55,0.04799242936325537
Tata Zest Revotron 1.2T XE,Mumbai,8,17.57,1193.0,88.7,4.25,0.04791431792559188
Renault KWID AMT RXL,Jaipur,8,24.04,999.0,67.0,3.2,0.04776119402985075
Chevrolet Cruze LTZ,Jaipur,8,17.9,1998.0,163.7,7.75,0.04734270006108736
Ford Figo 2015-2019 1.5D Trend MT,Hyderabad,8,25.83,1498.0,99.0,4.55,0.04595959595959596
Hyundai EON D Lite Plus Option,Kolkata,8,21.1,814.0,55.2,2.5,0.04528985507246377
Maruti Wagon R LXI BS IV,Kolkata,8,20.51,998.0,67.04,3.0,0.04474940334128878
Tata Indica V2 eLS,Chennai,8,25.0,1396.0,69.0,3.0,0.043478260869565216
Tata Indica V2 eLS,Chennai,8,25.0,1396.0,69.0,2.85,0.04130434782608696
Maruti Swift Dzire LDI,Kolkata,8,26.59,1248.0,74.0,3.0,0.04054054054054054
Fiat Punto 1.2 Dynamic,Kochi,8,15.7,1497.0,98.6,3.93,0.0398580121703854
BMW 3 Series 320d Luxury Line,Delhi,6,22.69,1995.0,190.0,6.67,0.03510526315789474
Tata Indica V2 eLX,Pune,8,25.0,1396.0,69.0,1.6,0.02318840579710145
Porsche Cayenne Base,Kochi,6,13.33,2995.0,340.0,2.02,0.005941176470588235
